1,"A1","0",NA,NA,NA,NA,"0",NA,NA,NA,NA,"","0","0","0","0","0","0","0","0","0","0","0","0","0","0","0","0","0","0","0","0","0","0","0","0","0","0","0","0","0","0","0","0","0","0","0","0","0","0","0","0","0","0","0","0","0","0","0","0","0","0","0","0","0","0","0","0","0","0","0","0","0","0","0","0","0","0","0","0","0","0","0","0","0","0","0","0","0","0","0","0","0","0","0","0","0","0","0","0","0","0","0","0","0","0","0","0","0","0","0","0","0","0","0","0","0","0","0","0","0","0","0","0","0","0","0","0","0","0","0","0","0","0","0","0","0","0","0","0","0","0","0","0","0","0","0","0","0","0","0","0","0","0","0","0","0","0","0","0","0","0","0","0","0","0","0","0","0","0","0","0","0","0","0","0","0","0","0","0","0","0","0","0","0","0","0","0","0","0","0","0","0","0","0","0","0","0","0","0","0","0","0","0","0","0","0","0","0","0","0","0","0"
1,"A2","0",NA,NA,NA,NA,"0",NA,NA,NA,NA,"","0","0","0","0","0","0","0","0","0","0","0","0","0","0","0","0","0","0","0","0","0","0","0","0","0","0","0","0","0","0","0","0","0","0","0","0","0","0","0","0","0","0","0","0","0","0","0","0","0","0","0","0","0","0","0","0","0","0","0","0","0","0","0","0","0","0","0","0","0","0","0","0","0","0","0","0","0","0","0","0","0","0","0","0","0","0","0","0","0","0","0","0","0","0","0","0","0","0","0","0","0","0","0","0","0","0","0","0","0","0","0","0","0","0","0","0","0","0","0","0","0","0","0","0","0","0","0","0","0","0","0","0","0","0","0","0","0","0","0","0","0","0","0","0","0","0","0","0","0","0","0","0","0","0","0","0","0","0","0","0","0","0","0","0","0","0","0","0","0","0","0","0","0","0","0","0","0","0","0","0","0","0","0","0","0","0","0","0","0","0","0","0","0","0","0","0","0","0","0","0","0"
1,"A3","0",NA,NA,NA,NA,"0",NA,NA,NA,NA,"","0","0","0","0","0","0","0","0","0","0","0","0","0","0","0","0","0","0","0","0","0","0","0","0","0","0","0","0","0","0","0","0","0","0","0","0","0","0","0","0","0","0","0","0","0","0","0","0","0","0","0","0","0","0","0","0","0","0","0","0","0","0","0","0","0","0","0","0","0","0","0","0","0","0","0","0","0","0","0","0","0","0","0","0","0","0","0","0","0","0","0","0","0","0","0","0","0","0","0","0","0","0","0","0","0","0","0","0","0","0","0","0","0","0","0","0","0","0","0","0","0","0","0","0","0","0","0","0","0","0","0","0","0","0","0","0","0","0","0","0","0","0","0","0","0","0","0","0","0","0","0","0","0","0","0","0","0","0","0","0","0","0","0","0","0","0","0","0","0","0","0","0","0","0","0","0","0","0","0","0","0","0","0","0","0","0","0","0","0","0","0","0","0","0","0","0","0","0","0","0","0"
1,"A4","0",NA,NA,NA,NA,"0",NA,NA,NA,NA,"","0","0","0","0","0","0","0","0","0","0","0","0","0","0","0","0","0","0","0","0","0","0","0","0","0","0","0","0","0","0","0","0","0","0","0","0","0","0","0","0","0","0","0","0","0","0","0","0","0","0","0","0","0","0","0","0","0","0","0","0","0","0","0","0","0","0","0","0","0","0","0","0","0","0","0","0","0","0","0","0","0","0","0","0","0","0","0","0","0","0","0","0","0","0","0","0","0","0","0","0","0","0","0","0","0","0","0","0","0","0","0","0","0","0","0","0","0","0","0","0","0","0","0","0","0","0","0","0","0","0","0","0","0","0","0","0","0","0","0","0","0","0","0","0","0","0","0","0","0","0","0","0","0","0","0","0","0","0","0","0","0","0","0","0","0","0","0","0","0","0","0","0","0","0","0","0","0","0","0","0","0","0","0","0","0","0","0","0","0","0","0","0","0","0","0","0","0","0","0","0","0"
1,"A5","0",NA,NA,NA,NA,"0",NA,NA,NA,NA,"","0","0","0","0","0","0","0","0","0","0","0","0","0","0","0","0","0","0","0","0","0","0","0","0","0","0","0","0","0","0","0","0","0","0","0","0","0","0","0","0","0","0","0","0","0","0","0","0","0","0","0","0","0","0","0","0","0","0","0","0","0","0","0","0","0","0","0","0","0","0","0","0","0","0","0","0","0","0","0","0","0","0","0","0","0","0","0","0","0","0","0","0","0","0","0","0","0","0","0","0","0","0","0","0","0","0","0","0","0","0","0","0","0","0","0","0","0","0","0","0","0","0","0","0","0","0","0","0","0","0","0","0","0","0","0","0","0","0","0","0","0","0","0","0","0","0","0","0","0","0","0","0","0","0","0","0","0","0","0","0","0","0","0","0","0","0","0","0","0","0","0","0","0","0","0","0","0","0","0","0","0","0","0","0","0","0","0","0","0","0","0","0","0","0","0","0","0","0","0","0","0"
1,"A6","0",NA,NA,NA,NA,"0",NA,NA,NA,NA,"","0","0","0","0","0","0","0","0","0","0","0","0","0","0","0","0","0","0","0","0","0","0","0","0","0","0","0","0","0","0","0","0","0","0","0","0","0","0","0","0","0","0","0","0","0","0","0","0","0","0","0","0","0","0","0","0","0","0","0","0","0","0","0","0","0","0","0","0","0","0","0","0","0","0","0","0","0","0","0","0","0","0","0","0","0","0","0","0","0","0","0","0","0","0","0","0","0","0","0","0","0","0","0","0","0","0","0","0","0","0","0","0","0","0","0","0","0","0","0","0","0","0","0","0","0","0","0","0","0","0","0","0","0","0","0","0","0","0","0","0","0","0","0","0","0","0","0","0","0","0","0","0","0","0","0","0","0","0","0","0","0","0","0","0","0","0","0","0","0","0","0","0","0","0","0","0","0","0","0","0","0","0","0","0","0","0","0","0","0","0","0","0","0","0","0","0","0","0","0","0","0"
1,"A7","0",NA,NA,NA,NA,"0",NA,NA,NA,NA,"","0","0","0","0","0","0","0","0","0","0","0","0","0","0","0","0","0","0","0","0","0","0","0","0","0","0","0","0","0","0","0","0","0","0","0","0","0","0","0","0","0","0","0","0","0","0","0","0","0","0","0","0","0","0","0","0","0","0","0","0","0","0","0","0","0","0","0","0","0","0","0","0","0","0","0","0","0","0","0","0","0","0","0","0","0","0","0","0","0","0","0","0","0","0","0","0","0","0","0","0","0","0","0","0","0","0","0","0","0","0","0","0","0","0","0","0","0","0","0","0","0","0","0","0","0","0","0","0","0","0","0","0","0","0","0","0","0","0","0","0","0","0","0","0","0","0","0","0","0","0","0","0","0","0","0","0","0","0","0","0","0","0","0","0","0","0","0","0","0","0","0","0","0","0","0","0","0","0","0","0","0","0","0","0","0","0","0","0","0","0","0","0","0","0","0","0","0","0","0","0","0"
1,"A8","0",NA,NA,NA,NA,"0",NA,NA,NA,NA,"","0","0","0","0","0","0","0","0","0","0","0","0","0","0","0","0","0","0","0","0","0","0","0","0","0","0","0","0","0","0","0","0","0","0","0","0","0","0","0","0","0","0","0","0","0","0","0","0","0","0","0","0","0","0","0","0","0","0","0","0","0","0","0","0","0","0","0","0","0","0","0","0","0","0","0","0","0","0","0","0","0","0","0","0","0","0","0","0","0","0","0","0","0","0","0","0","0","0","0","0","0","0","0","0","0","0","0","0","0","0","0","0","0","0","0","0","0","0","0","0","0","0","0","0","0","0","0","0","0","0","0","0","0","0","0","0","0","0","0","0","0","0","0","0","0","0","0","0","0","0","0","0","0","0","0","0","0","0","0","0","0","0","0","0","0","0","0","0","0","0","0","0","0","0","0","0","0","0","0","0","0","0","0","0","0","0","0","0","0","0","0","0","0","0","0","0","0","0","0","0","0"
1,"B1","0",NA,NA,NA,NA,"0",NA,NA,NA,NA,"","0","0","0","0","0","0","0","0","0","0","0","0","0","0","0","0","0","0","0","0","0","0","0","0","0","0","0","0","0","0","0","0","0","0","0","0","0","0","0","0","0","0","0","0","0","0","0","0","0","0","0","0","0","0","0","0","0","0","0","0","0","0","0","0","0","0","0","0","0","0","0","0","0","0","0","0","0","0","0","0","0","0","0","0","0","0","0","0","0","0","0","0","0","0","0","0","0","0","0","0","0","0","0","0","0","0","0","0","0","0","0","0","0","0","0","0","0","0","0","0","0","0","0","0","0","0","0","0","0","0","0","0","0","0","0","0","0","0","0","0","0","0","0","0","0","0","0","0","0","0","0","0","0","0","0","0","0","0","0","0","0","0","0","0","0","0","0","0","0","0","0","0","0","0","0","0","0","0","0","0","0","0","0","0","0","0","0","0","0","0","0","0","0","0","0","0","0","0","0","0","0"
1,"B2","80","5.4875","1.96161745454477","0.0257006696428571","0.0383969705308179","9.9189138223647","6.575","0.362151898734177","4","13","treatX","3.4625","3.025","3.15","3.3125","3.025","3.5375","2.825","3.175","2.7875","3.0375","3.05","3.075","2.7625","2.975","3.0125","3.0125","3.0625","3.2125","3.175","3.0375","3.025","3.2","2.7","2.9375","2.4625","3.0875","2.375","2.825","2.7875","2.675","2.8125","2.875","2.4625","3.15","3.0625","2.8375","3.0125","2.925","2.95","2.825","2.9625","2.9875","3","3.05","2.7125","2.575","3.25","2.35","2.825","2.425","3.05","2.5","2.7375","2.75","2.8375","2.55","2.6625","2.725","2.425","3","2.325","2.7875","2.5875","2.175","2.7","2.35","2.6","2.5","2.7","2.475","2.6125","2.425","2.6","2.55","2.3125","2.6125","2.2125","2.675","2.4125","2.6875","2.425","2.5625","2.6875","2.4625","2.775","2.6","2.675","2.625","2.475","2.5875","2.5625","2.675","2.5875","2.7375","2.3625","2.875","2.325","2.65","3.125","1.5","5.4875","1.7","3.25","2.95","2.675","2.825","2.475","2.575","2.575","2.75","2.5375","2.4875","2.775","2.525","2.475","2.6625","2.475","2.525","2.5625","2.4875","2.525","2.375","2.375","2.425","2.25","2.6625","2.1875","2.3875","2.5125","2.45","2.15","2.4125","2","2.375","2.2125","2.1625","2.45","2.15","2.1125","2.375","2.1625","2.175","2.25","2.325","2.0875","2.3125","1.925","2.2","2.275","1.9375","2.525","2.225","2.35","1.9625","2.2875","2.3125","1.9","2.175","1.9","2.2625","2.1375","1.9625","2.15","2.025","2.2","2.0875","1.9875","2.1125","2.3125","1.9375","2.125","1.925","2.075","1.825","1.8625","2.2125","1.7375","1.9125","1.925","1.8625","2.1125","1.775","1.7","2.125","1.8625","1.8625","1.8875","2.15","1.7","2.15","1.9125","1.8125","1.9375","1.7875","1.8","2.05","1.6125","1.575","1.8125","1.6","2.075"
1,"B3","81","7.01234567901235","2.85698191786584","0.0308441923303034","0.0331183587820573","9.54900781719784","9.80246913580247","0.25225","4","16","treatX","3.74074074074074","3.90123456790123","3.37037037037037","3.96296296296296","3.51851851851852","3.92592592592593","3.17283950617284","3.59259259259259","3.82716049382716","3.2962962962963","4.07407407407407","3.30864197530864","3.40740740740741","3.30864197530864","3.53086419753086","3.59259259259259","3.32098765432099","3.20987654320988","3.74074074074074","2.95061728395062","3.2962962962963","3.50617283950617","3.12345679012346","3.4320987654321","3.71604938271605","3.46913580246914","3.71604938271605","3.33333333333333","3.58024691358025","3.40740740740741","3.5679012345679","3.46913580246914","3.5679012345679","3.60493827160494","3.79012345679012","3.81481481481481","3.69135802469136","3.75308641975309","3.41975308641975","3.96296296296296","3.50617283950617","3.55555555555556","3","3.87654320987654","3.32098765432099","4.03703703703704","3.58024691358025","3.2962962962963","3.83950617283951","3.46913580246914","4.22222222222222","4","3.87654320987654","4.04938271604938","3.79012345679012","4.17283950617284","3.65432098765432","4.35802469135802","3.81481481481481","3.79012345679012","4.19753086419753","3.64197530864198","3.83950617283951","3.51851851851852","3.77777777777778","3.53086419753086","3.44444444444444","4.11111111111111","3.04938271604938","3.40740740740741","3.66666666666667","3.20987654320988","3.46913580246914","3.37037037037037","3.45679012345679","3.59259259259259","3.54320987654321","3.32098765432099","3.64197530864198","3.67901234567901","3.60493827160494","3.24691358024691","3.55555555555556","3.88888888888889","3.48148148148148","3.7037037037037","3.40740740740741","3.62962962962963","3.37037037037037","3.54320987654321","3.33333333333333","3.71604938271605","3.33333333333333","3.33333333333333","3.77777777777778","3.80246913580247","3.65432098765432","3.71604938271605","3.85185185185185","3.1358024691358","7.01234567901235","2.97530864197531","4.06172839506173","3.97530864197531","3.49382716049383","4.07407407407407","3.62962962962963","3.62962962962963","3.92592592592593","3.95061728395062","3.55555555555556","3.59259259259259","3.7283950617284","3.33333333333333","3.40740740740741","3.61728395061728","3.51851851851852","3.41975308641975","3.34567901234568","3.48148148148148","3.4320987654321","3.41975308641975","3.44444444444444","3.08641975308642","3.1358024691358","3.34567901234568","3.28395061728395","3.60493827160494","3.64197530864198","3.11111111111111","3.33333333333333","3.14814814814815","3.30864197530864","3.67901234567901","3.18518518518519","3.33333333333333","3.76543209876543","3.08641975308642","3.01234567901235","3.5679012345679","2.97530864197531","3.32098765432099","2.98765432098765","3.35802469135802","3.03703703703704","3.08641975308642","3.02469135802469","3.12345679012346","2.88888888888889","3.45679012345679","2.96296296296296","3.2962962962963","3.44444444444444","3.17283950617284","2.91358024691358","3.41975308641975","2.98765432098765","2.95061728395062","3.08641975308642","3.25925925925926","3.23456790123457","2.95061728395062","3.34567901234568","3.03703703703704","2.97530864197531","2.93827160493827","2.69135802469136","3.14814814814815","2.50617283950617","3.23456790123457","2.88888888888889","2.62962962962963","2.77777777777778","2.51851851851852","2.77777777777778","3.07407407407407","2.93827160493827","2.65432098765432","2.69135802469136","2.79012345679012","2.90123456790123","2.40740740740741","2.92592592592593","2.74074074074074","2.80246913580247","2.93827160493827","2.81481481481481","2.8641975308642","2.85185185185185","2.87654320987654","2.76543209876543","2.7037037037037","2.44444444444444","2.4320987654321","2.81481481481481","2.90123456790123","2.67901234567901","2.1358024691358","2.54320987654321","2.5679012345679","2.81481481481481"
1,"B4","0",NA,NA,NA,NA,"0",NA,NA,NA,NA,"untreated","0","0","0","0","0","0","0","0","0","0","0","0","0","0","0","0","0","0","0","0","0","0","0","0","0","0","0","0","0","0","0","0","0","0","0","0","0","0","0","0","0","0","0","0","0","0","0","0","0","0","0","0","0","0","0","0","0","0","0","0","0","0","0","0","0","0","0","0","0","0","0","0","0","0","0","0","0","0","0","0","0","0","0","0","0","0","0","0","0","0","0","0","0","0","0","0","0","0","0","0","0","0","0","0","0","0","0","0","0","0","0","0","0","0","0","0","0","0","0","0","0","0","0","0","0","0","0","0","0","0","0","0","0","0","0","0","0","0","0","0","0","0","0","0","0","0","0","0","0","0","0","0","0","0","0","0","0","0","0","0","0","0","0","0","0","0","0","0","0","0","0","0","0","0","0","0","0","0","0","0","0","0","0","0","0","0","0","0","0","0","0","0","0","0","0","0","0","0","0","0","0"
1,"B5","5","5","0","0.01725","0.00450308536203547","5.18234165067178","5.4","1.925","5","5","untreated","0.8","1","0.8","1.6","1","0.2","0","0.6","0.6","0.4","0.6","0.6","0.4","0","0","0","0.2","0.6","0.2","1.2","0","0.2","0","0","0.2","0.4","0.2","0.8","1.6","2","2","1","0.2","0.6","0.8","1","0.8","2","2.6","2.2","1.4","0.4","1","0.8","0.8","1","1.2","2.6","1","0.8","1.2","0.6","0.6","1.2","0.6","1.4","1","1","0.2","2","0.2","0.6","0.8","0.2","1.2","0.2","1.2","1.8","0.8","0.6","0","0.8","0.6","0.8","0.8","1.4","0.4","0","0","0","0.4","0.4","0.8","0.6","0.4","0.6","0.4","0","0","0.2","0.8","1.6","0","0","0","0.2","0.2","0.2","1","2.6","5","1","0.6","0.4","0.4","0.2","0.4","0.4","1.2","1.4","1","1.2","0.2","0","0.8","0.4","0.8","0.4","0.4","1","0.8","0.4","0.8","0.2","0","0.2","0.2","0.4","0.2","0.6","0.8","0.6","0.6","0.4","1","0.4","0.2","0","0","0.4","0","0.4","0","0.6","0.8","0.4","0","0.4","0.4","0.8","0","0.2","0.4","0.4","0","0.2","0.2","0.8","0.8","0.4","0","0.4","0.8","1.4","0","0.4","0.4","0.2","0.6","0.2","1","0.6","1.2","0","0.2","0","0.2","0","0.4","0.4","0.2","0","0.4","0.6","0","0.2","0.2","0.6","0.4","0.4","0.2","0.4","0.4","0.2","0.2","0.2","0.4","0.4","0","0","0.2"
1,"B6","57","5.03508771929825","1.54648117027821","0.0292777777777778","0.0240206350058581","11.8521078092605","6.01754385964912","0.817857142857143","4","9","treatY","0.684210526315789","0.842105263157895","0.631578947368421","0.859649122807018","0.929824561403509","0.578947368421053","0.684210526315789","0.649122807017544","0.543859649122807","0.666666666666667","0.684210526315789","0.508771929824561","0.385964912280702","0.614035087719298","0.421052631578947","0.543859649122807","0.526315789473684","0.543859649122807","0.421052631578947","0.578947368421053","0.473684210526316","0.614035087719298","0.508771929824561","0.421052631578947","0.543859649122807","0.421052631578947","0.614035087719298","0.43859649122807","0.666666666666667","0.684210526315789","0.666666666666667","0.859649122807018","0.508771929824561","0.859649122807018","0.719298245614035","0.526315789473684","0.894736842105263","0.684210526315789","0.596491228070175","0.666666666666667","0.719298245614035","0.789473684210526","0.666666666666667","0.754385964912281","0.736842105263158","0.859649122807018","0.842105263157895","0.964912280701754","0.859649122807018","0.894736842105263","1.01754385964912","1.17543859649123","0.719298245614035","0.666666666666667","0.894736842105263","0.824561403508772","0.87719298245614","0.842105263157895","1.10526315789474","1.15789473684211","0.912280701754386","1.08771929824561","1.01754385964912","1","0.824561403508772","1.24561403508772","1.14035087719298","1.31578947368421","1.28070175438596","1.15789473684211","1.3859649122807","0.964912280701754","1.05263157894737","0.87719298245614","0.736842105263158","0.807017543859649","1.12280701754386","1","0.894736842105263","1.14035087719298","0.982456140350877","1.08771929824561","1.03508771929825","1.21052631578947","1.36842105263158","1.28070175438596","1.31578947368421","1.21052631578947","1.12280701754386","1.2280701754386","1.31578947368421","1.50877192982456","1.43859649122807","1.29824561403509","1.29824561403509","1.43859649122807","1.59649122807018","1.85964912280702","2.05263157894737","1.66666666666667","5.03508771929825","2.17543859649123","2.08771929824561","1.56140350877193","1.75438596491228","1.59649122807018","1.45614035087719","1.56140350877193","1.14035087719298","1.49122807017544","1.28070175438596","1.2280701754386","1.35087719298246","1.07017543859649","1.26315789473684","1.29824561403509","1.10526315789474","1.12280701754386","1.07017543859649","1.14035087719298","1.43859649122807","1.47368421052632","1.08771929824561","1.24561403508772","1.15789473684211","1.3859649122807","1.35087719298246","1.28070175438596","1.19298245614035","1.24561403508772","1.2280701754386","1.03508771929825","1.14035087719298","1.28070175438596","1.36842105263158","1.49122807017544","1.28070175438596","1.24561403508772","1.14035087719298","1.17543859649123","1.05263157894737","1.14035087719298","1.01754385964912","0.947368421052632","0.789473684210526","1.14035087719298","0.929824561403509","1.12280701754386","0.894736842105263","0.947368421052632","0.824561403508772","1.21052631578947","1.07017543859649","0.666666666666667","0.842105263157895","1.17543859649123","0.807017543859649","0.982456140350877","0.859649122807018","0.719298245614035","0.947368421052632","0.947368421052632","0.807017543859649","0.701754385964912","1.03508771929825","0.807017543859649","1.05263157894737","1.07017543859649","0.842105263157895","0.894736842105263","0.912280701754386","1.08771929824561","0.596491228070175","0.754385964912281","0.859649122807018","0.771929824561403","0.842105263157895","0.666666666666667","0.684210526315789","0.649122807017544","0.807017543859649","0.666666666666667","0.666666666666667","0.666666666666667","0.719298245614035","0.824561403508772","0.754385964912281","0.701754385964912","0.543859649122807","0.719298245614035","0.87719298245614","0.771929824561403","0.701754385964912","0.649122807017544","0.596491228070175","0.736842105263158","0.596491228070175","0.807017543859649","0.701754385964912","0.701754385964912","0.631578947368421"
1,"B7","27","4.37037037037037","0.791694781327139","0.0227006172839506","0.017000805336305","5.75388492230155","5.07407407407407","1.45307692307692","4","7","treatY","0.703703703703704","0.481481481481481","0.481481481481481","0.296296296296296","0.62962962962963","0.333333333333333","0.481481481481481","0.62962962962963","0.37037037037037","0.592592592592593","0.592592592592593","0.444444444444444","0.407407407407407","0.592592592592593","0.444444444444444","0.407407407407407","0.481481481481481","0.62962962962963","0.555555555555556","0.37037037037037","0.444444444444444","0.481481481481481","0.666666666666667","0.62962962962963","0.703703703703704","0.703703703703704","0.777777777777778","0.555555555555556","0.592592592592593","0.518518518518518","0.407407407407407","0.555555555555556","0.444444444444444","0.555555555555556","0.296296296296296","0.481481481481481","0.259259259259259","0.296296296296296","0.37037037037037","0.259259259259259","0.148148148148148","0.296296296296296","0.407407407407407","0.333333333333333","0.407407407407407","0.592592592592593","0.333333333333333","0.444444444444444","0.444444444444444","0.222222222222222","0.222222222222222","0.407407407407407","0.296296296296296","0.407407407407407","0.185185185185185","0.37037037037037","0.148148148148148","0.222222222222222","0.296296296296296","0.444444444444444","0.37037037037037","0.481481481481481","0.37037037037037","0.259259259259259","0.37037037037037","0.296296296296296","0.222222222222222","0.185185185185185","0.185185185185185","0.222222222222222","0.481481481481481","0.185185185185185","0.592592592592593","0.333333333333333","0.518518518518518","0.37037037037037","0.407407407407407","0.37037037037037","0.666666666666667","0.518518518518518","0.777777777777778","0.333333333333333","0.518518518518518","0.444444444444444","0.592592592592593","0.592592592592593","0.62962962962963","0.592592592592593","0.518518518518518","0.296296296296296","0.740740740740741","0.62962962962963","0.925925925925926","0.851851851851852","1","1.03703703703704","1.14814814814815","1.14814814814815","1.25925925925926","1.2962962962963","4.37037037037037","1.51851851851852","1.62962962962963","1.66666666666667","1.81481481481481","1.40740740740741","1.07407407407407","1.22222222222222","0.777777777777778","0.851851851851852","0.592592592592593","0.481481481481481","0.851851851851852","0.666666666666667","0.777777777777778","0.444444444444444","0.444444444444444","0.518518518518518","0.481481481481481","0.740740740740741","0.518518518518518","0.407407407407407","0.703703703703704","0.555555555555556","0.518518518518518","0.666666666666667","0.62962962962963","0.62962962962963","0.62962962962963","0.555555555555556","0.222222222222222","0.481481481481481","0.37037037037037","0.407407407407407","0.259259259259259","0.666666666666667","0.37037037037037","0.444444444444444","0.407407407407407","0.37037037037037","0.481481481481481","0.444444444444444","0.37037037037037","0.407407407407407","0.259259259259259","0.37037037037037","0.185185185185185","0.518518518518518","0.222222222222222","0.407407407407407","0.481481481481481","0.148148148148148","0.296296296296296","0.592592592592593","0.555555555555556","0.703703703703704","0.592592592592593","0.518518518518518","0.518518518518518","0.407407407407407","0.666666666666667","0.407407407407407","0.407407407407407","0.37037037037037","0.518518518518518","0.407407407407407","0.62962962962963","0.555555555555556","0.444444444444444","0.481481481481481","0.333333333333333","0.555555555555556","0.666666666666667","0.703703703703704","0.481481481481481","0.666666666666667","0.888888888888889","0.666666666666667","1.07407407407407","0.592592592592593","0.62962962962963","0.703703703703704","0.740740740740741","0.703703703703704","0.592592592592593","0.703703703703704","0.62962962962963","0.444444444444444","0.777777777777778","0.518518518518518","0.555555555555556","0.518518518518518","0.407407407407407","0.518518518518518","0.555555555555556","0.518518518518518","0.555555555555556","0.518518518518518","0.592592592592593","0.444444444444444","0.444444444444444"
1,"B8","0",NA,NA,NA,NA,"0",NA,NA,NA,NA,"","0","0","0","0","0","0","0","0","0","0","0","0","0","0","0","0","0","0","0","0","0","0","0","0","0","0","0","0","0","0","0","0","0","0","0","0","0","0","0","0","0","0","0","0","0","0","0","0","0","0","0","0","0","0","0","0","0","0","0","0","0","0","0","0","0","0","0","0","0","0","0","0","0","0","0","0","0","0","0","0","0","0","0","0","0","0","0","0","0","0","0","0","0","0","0","0","0","0","0","0","0","0","0","0","0","0","0","0","0","0","0","0","0","0","0","0","0","0","0","0","0","0","0","0","0","0","0","0","0","0","0","0","0","0","0","0","0","0","0","0","0","0","0","0","0","0","0","0","0","0","0","0","0","0","0","0","0","0","0","0","0","0","0","0","0","0","0","0","0","0","0","0","0","0","0","0","0","0","0","0","0","0","0","0","0","0","0","0","0","0","0","0","0","0","0","0","0","0","0","0","0"
1,"C1","0",NA,NA,NA,NA,"0",NA,NA,NA,NA,"","0","0","0","0","0","0","0","0","0","0","0","0","0","0","0","0","0","0","0","0","0","0","0","0","0","0","0","0","0","0","0","0","0","0","0","0","0","0","0","0","0","0","0","0","0","0","0","0","0","0","0","0","0","0","0","0","0","0","0","0","0","0","0","0","0","0","0","0","0","0","0","0","0","0","0","0","0","0","0","0","0","0","0","0","0","0","0","0","0","0","0","0","0","0","0","0","0","0","0","0","0","0","0","0","0","0","0","0","0","0","0","0","0","0","0","0","0","0","0","0","0","0","0","0","0","0","0","0","0","0","0","0","0","0","0","0","0","0","0","0","0","0","0","0","0","0","0","0","0","0","0","0","0","0","0","0","0","0","0","0","0","0","0","0","0","0","0","0","0","0","0","0","0","0","0","0","0","0","0","0","0","0","0","0","0","0","0","0","0","0","0","0","0","0","0","0","0","0","0","0","0"
1,"C2","41","6.19512195121951","1.84688267352209","0.0261563588850174","0.0272256600084831","11.3995485327314","7.39024390243902","0.548","4","12","treatX","4","3.39024390243902","3.97560975609756","3.36585365853659","4.14634146341463","3.97560975609756","3.73170731707317","3.17073170731707","4.19512195121951","3.58536585365854","4.02439024390244","4.07317073170732","4.24390243902439","4.02439024390244","4.5609756097561","4.09756097560976","4.14634146341463","3.80487804878049","4.34146341463415","3.58536585365854","4.07317073170732","3.36585365853659","4","3.90243902439024","4.02439024390244","4.26829268292683","3.78048780487805","4.31707317073171","3.78048780487805","3.85365853658537","4.21951219512195","3.48780487804878","3.5609756097561","3.41463414634146","4.1219512195122","3.39024390243902","4.31707317073171","3.26829268292683","4.19512195121951","3.39024390243902","4.07317073170732","3.34146341463415","3.80487804878049","3.48780487804878","3.75609756097561","3.60975609756098","3.36585365853659","3.80487804878049","3.14634146341463","3.75609756097561","3.53658536585366","3.8780487804878","3.46341463414634","4.17073170731707","3.41463414634146","3.80487804878049","3.46341463414634","3.31707317073171","3.48780487804878","3.5609756097561","3.73170731707317","3.39024390243902","3.82926829268293","3.36585365853659","4.14634146341463","3.31707317073171","3.85365853658537","3.34146341463415","3.82926829268293","3.48780487804878","3.73170731707317","3.78048780487805","3.68292682926829","3.34146341463415","3.75609756097561","4.04878048780488","3.68292682926829","3.46341463414634","3.92682926829268","3.14634146341463","4.04878048780488","3.39024390243902","3.46341463414634","3.04878048780488","3.19512195121951","3.39024390243902","2.8780487804878","4","3.14634146341463","3.36585365853659","3.68292682926829","3.1219512195122","3.31707317073171","2.92682926829268","3.68292682926829","2.63414634146341","3.85365853658537","2.14634146341463","4.07317073170732","1.8780487804878","6.19512195121951","1.80487804878049","3.92682926829268","2.31707317073171","3.8780487804878","2.8780487804878","3.21951219512195","3.04878048780488","2.82926829268293","3.31707317073171","2.80487804878049","3.19512195121951","2.85365853658537","3.58536585365854","2.60975609756098","3.09756097560976","2.92682926829268","2.58536585365854","2.78048780487805","2.68292682926829","2.82926829268293","2.31707317073171","3.17073170731707","2.07317073170732","2.95121951219512","2.31707317073171","3.29268292682927","1.90243902439024","2.73170731707317","2.29268292682927","3.1219512195122","2.5609756097561","2.97560975609756","2.17073170731707","2.63414634146341","2.09756097560976","2.85365853658537","2.19512195121951","2.39024390243902","2.60975609756098","2.07317073170732","2.53658536585366","2.31707317073171","2.73170731707317","1.97560975609756","2.65853658536585","2.07317073170732","2.46341463414634","2","2.17073170731707","2.14634146341463","2.21951219512195","2.04878048780488","2.17073170731707","2.26829268292683","2","2.04878048780488","1.70731707317073","1.80487804878049","1.85365853658537","1.75609756097561","1.92682926829268","1.63414634146341","2.36585365853659","1.39024390243902","2.4390243902439","1.82926829268293","2.26829268292683","1.5609756097561","1.90243902439024","1.36585365853659","1.95121951219512","1.41463414634146","1.78048780487805","1.51219512195122","1.5609756097561","1.60975609756098","1.68292682926829","1.46341463414634","1.95121951219512","1.39024390243902","1.75609756097561","1.29268292682927","1.48780487804878","1.78048780487805","1.46341463414634","1.48780487804878","1.41463414634146","1.29268292682927","1.73170731707317","1.39024390243902","1.65853658536585","1.51219512195122","1.53658536585366","1.26829268292683","1.41463414634146","1.29268292682927","1.29268292682927","0.902439024390244","1.51219512195122","1.14634146341463"
1,"C3","110","5.73636363636364","1.79027583712049","0.0213164502164502","0.0215721192124341","14.4940915805022","7.13636363636364","0.272568807339449","4","12","treatX","2.7","2.50909090909091","2.67272727272727","3.07272727272727","2.56363636363636","2.78181818181818","2.62727272727273","2.59090909090909","2.73636363636364","2.8","2.86363636363636","2.55454545454545","3.02727272727273","2.54545454545455","2.7","2.83636363636364","2.74545454545455","2.93636363636364","3.02727272727273","2.77272727272727","2.9","2.81818181818182","2.58181818181818","2.84545454545455","2.93636363636364","2.71818181818182","2.66363636363636","2.88181818181818","3.04545454545455","2.70909090909091","3.03636363636364","2.79090909090909","2.75454545454545","2.82727272727273","2.52727272727273","3.09090909090909","2.86363636363636","3.00909090909091","2.89090909090909","2.74545454545455","3.05454545454545","2.73636363636364","3.23636363636364","2.84545454545455","3.17272727272727","2.78181818181818","3.20909090909091","2.84545454545455","3.02727272727273","2.97272727272727","3.11818181818182","2.86363636363636","3.29090909090909","3.19090909090909","3.2","3.31818181818182","2.88181818181818","3.16363636363636","3.31818181818182","2.94545454545455","3.1","3.23636363636364","3.32727272727273","3.3","2.83636363636364","3.45454545454545","3.15454545454545","3.36363636363636","2.91818181818182","3.2","3.06363636363636","2.99090909090909","2.85454545454545","3.08181818181818","2.9","3.18181818181818","3.27272727272727","2.91818181818182","3.12727272727273","2.80909090909091","2.65454545454545","2.87272727272727","2.51818181818182","2.7","2.73636363636364","2.67272727272727","2.85454545454545","2.60909090909091","2.84545454545455","2.28181818181818","2.70909090909091","2.38181818181818","2.70909090909091","2.7","2.14545454545455","3.11818181818182","2.33636363636364","2.66363636363636","3.01818181818182","1.31818181818182","5.73636363636364","1.57272727272727","3.28181818181818","2.62727272727273","2.29090909090909","3.15454545454545","2.28181818181818","2.67272727272727","2.91818181818182","2.34545454545455","2.81818181818182","2.2","2.79090909090909","2.3","2.20909090909091","2.72727272727273","2.45454545454545","2.40909090909091","2.20909090909091","2.44545454545455","2.30909090909091","2.2","2.14545454545455","2.02727272727273","2.34545454545455","2.12727272727273","2.21818181818182","2.27272727272727","1.99090909090909","1.92727272727273","2.37272727272727","2","2.00909090909091","2.02727272727273","2.06363636363636","2.2","1.90909090909091","2.02727272727273","1.93636363636364","1.76363636363636","2.07272727272727","1.63636363636364","2","2.12727272727273","1.41818181818182","2.06363636363636","1.71818181818182","1.94545454545455","1.83636363636364","1.73636363636364","1.94545454545455","1.72727272727273","2.05454545454545","1.58181818181818","1.76363636363636","1.68181818181818","1.89090909090909","1.58181818181818","1.62727272727273","1.61818181818182","1.68181818181818","1.69090909090909","1.87272727272727","1.39090909090909","1.65454545454545","1.58181818181818","1.54545454545455","1.68181818181818","1.47272727272727","1.31818181818182","1.36363636363636","1.2","1.44545454545455","1.52727272727273","1.32727272727273","1.52727272727273","1.25454545454545","1.38181818181818","1.3","1.27272727272727","1.36363636363636","1.33636363636364","1.37272727272727","1.29090909090909","1.37272727272727","1.22727272727273","1.37272727272727","1.27272727272727","1.28181818181818","1.19090909090909","1.34545454545455","1.24545454545455","1.23636363636364","1.23636363636364","1.25454545454545","1.10909090909091","1.1","1.24545454545455","1.06363636363636","1.26363636363636","1.20909090909091"
1,"C4","0",NA,NA,NA,NA,"0",NA,NA,NA,NA,"untreated","0","0","0","0","0","0","0","0","0","0","0","0","0","0","0","0","0","0","0","0","0","0","0","0","0","0","0","0","0","0","0","0","0","0","0","0","0","0","0","0","0","0","0","0","0","0","0","0","0","0","0","0","0","0","0","0","0","0","0","0","0","0","0","0","0","0","0","0","0","0","0","0","0","0","0","0","0","0","0","0","0","0","0","0","0","0","0","0","0","0","0","0","0","0","0","0","0","0","0","0","0","0","0","0","0","0","0","0","0","0","0","0","0","0","0","0","0","0","0","0","0","0","0","0","0","0","0","0","0","0","0","0","0","0","0","0","0","0","0","0","0","0","0","0","0","0","0","0","0","0","0","0","0","0","0","0","0","0","0","0","0","0","0","0","0","0","0","0","0","0","0","0","0","0","0","0","0","0","0","0","0","0","0","0","0","0","0","0","0","0","0","0","0","0","0","0","0","0","0","0","0"
1,"C5","0",NA,NA,NA,NA,"0",NA,NA,NA,NA,"untreated","0","0","0","0","0","0","0","0","0","0","0","0","0","0","0","0","0","0","0","0","0","0","0","0","0","0","0","0","0","0","0","0","0","0","0","0","0","0","0","0","0","0","0","0","0","0","0","0","0","0","0","0","0","0","0","0","0","0","0","0","0","0","0","0","0","0","0","0","0","0","0","0","0","0","0","0","0","0","0","0","0","0","0","0","0","0","0","0","0","0","0","0","0","0","0","0","0","0","0","0","0","0","0","0","0","0","0","0","0","0","0","0","0","0","0","0","0","0","0","0","0","0","0","0","0","0","0","0","0","0","0","0","0","0","0","0","0","0","0","0","0","0","0","0","0","0","0","0","0","0","0","0","0","0","0","0","0","0","0","0","0","0","0","0","0","0","0","0","0","0","0","0","0","0","0","0","0","0","0","0","0","0","0","0","0","0","0","0","0","0","0","0","0","0","0","0","0","0","0","0","0"
1,"C6","84","4.80952380952381","0.842774969982312","0.0153521825396825","0.00878686869391989","19.9423354156655","4.94047619047619","0.556024096385542","4","7","treatY","1.48809523809524","1.42857142857143","1.14285714285714","1.55952380952381","1.11904761904762","1.20238095238095","1.67857142857143","1.29761904761905","1.36904761904762","1.77380952380952","1.02380952380952","1.51190476190476","1.3452380952381","1.48809523809524","1.45238095238095","1.28571428571429","1.39285714285714","1.60714285714286","1.33333333333333","1.46428571428571","1.60714285714286","1.22619047619048","1.27380952380952","1.55952380952381","1.30952380952381","1.6547619047619","1.25","1.41666666666667","1.48809523809524","1.23809523809524","1.51190476190476","1.48809523809524","1.3452380952381","1.26190476190476","1.6547619047619","1.21428571428571","1.47619047619048","1.61904761904762","1.29761904761905","1.55952380952381","1.23809523809524","1.47619047619048","1.47619047619048","1.19047619047619","1.63095238095238","1.63095238095238","1.22619047619048","1.41666666666667","1.28571428571429","1.46428571428571","1.4047619047619","1.22619047619048","1.27380952380952","1.80952380952381","1.28571428571429","1.36904761904762","1.61904761904762","1.13095238095238","1.6547619047619","1.72619047619048","1.3452380952381","1.29761904761905","1.73809523809524","1.21428571428571","1.45238095238095","1.46428571428571","1.32142857142857","1.57142857142857","1.45238095238095","1.60714285714286","1.69047619047619","1.26190476190476","1.8452380952381","1.45238095238095","1.11904761904762","1.75","1.22619047619048","1.36904761904762","1.60714285714286","1.25","1.44047619047619","1.45238095238095","1.39285714285714","1.35714285714286","1.4047619047619","1.45238095238095","1.44047619047619","1.71428571428571","1.26190476190476","1.4047619047619","1.60714285714286","1.41666666666667","1.47619047619048","1.55952380952381","1.69047619047619","1.52380952380952","1.42857142857143","2.22619047619048","1.58333333333333","0.75","4.80952380952381","0.952380952380952","1.60714285714286","2.44047619047619","1.70238095238095","1.45238095238095","1.71428571428571","1.54761904761905","1.42857142857143","1.5","1.64285714285714","1.47619047619048","1.27380952380952","1.63095238095238","1.25","1.41666666666667","1.46428571428571","1.47619047619048","1.45238095238095","1.61904761904762","1.32142857142857","1.10714285714286","1.55952380952381","1.07142857142857","1.10714285714286","1.70238095238095","1.19047619047619","1.04761904761905","1.85714285714286","1.11904761904762","1.27380952380952","1.39285714285714","1.29761904761905","1.39285714285714","1.21428571428571","1.42857142857143","1.36904761904762","1.13095238095238","1.4047619047619","1.36904761904762","1.20238095238095","1.39285714285714","1.3452380952381","1.38095238095238","1.39285714285714","1.13095238095238","1.23809523809524","1.72619047619048","1.05952380952381","1.27380952380952","1.4047619047619","1.25","1.19047619047619","1.53571428571429","1.19047619047619","1.27380952380952","1.5","1.23809523809524","1.29761904761905","1.3452380952381","1.21428571428571","1.28571428571429","1.20238095238095","1.30952380952381","1.20238095238095","0.964285714285714","1.48809523809524","1.14285714285714","1.1547619047619","1.36904761904762","1.4047619047619","1.07142857142857","1.16666666666667","1.39285714285714","1.08333333333333","1.41666666666667","1.25","1.29761904761905","1.26190476190476","1.22619047619048","1.45238095238095","1.26190476190476","1.05952380952381","1.42857142857143","1.14285714285714","1.22619047619048","1.27380952380952","1.26190476190476","0.988095238095238","1.30952380952381","1.02380952380952","1.52380952380952","1.14285714285714","1.11904761904762","1.42857142857143","1.20238095238095","0.988095238095238","1.30952380952381","0.964285714285714","1.1547619047619","1.11904761904762"
1,"C7","26","4.65384615384615","0.845804123532521","0.0249038461538462","0.0202238540714739","6.48193963384463","5.03846153846154","1.7732","4","7","treatY","0.615384615384615","0.538461538461538","0.269230769230769","0.615384615384615","0.461538461538462","0.346153846153846","0.384615384615385","0.423076923076923","0.269230769230769","0.423076923076923","0.346153846153846","0.384615384615385","0.384615384615385","0.153846153846154","0.461538461538462","0.461538461538462","0.346153846153846","0.192307692307692","0.269230769230769","0.346153846153846","0.5","0.384615384615385","0.615384615384615","0.192307692307692","0.384615384615385","0.538461538461538","0.692307692307692","0.5","0.5","0.269230769230769","0.5","0.730769230769231","0.538461538461538","0.615384615384615","0.384615384615385","0.538461538461538","0.346153846153846","0.538461538461538","0.384615384615385","0.653846153846154","0.423076923076923","0.576923076923077","0.269230769230769","0.576923076923077","0.538461538461538","0.538461538461538","0.307692307692308","0.461538461538462","0.461538461538462","0.5","0.269230769230769","0.230769230769231","0.461538461538462","0.269230769230769","0.461538461538462","0.423076923076923","0.461538461538462","0.653846153846154","0.384615384615385","0.115384615384615","0.0769230769230769","0.5","0.384615384615385","0.115384615384615","0.346153846153846","0.269230769230769","0.346153846153846","0.230769230769231","0.153846153846154","0.153846153846154","0.269230769230769","0.115384615384615","0.192307692307692","0.230769230769231","0.153846153846154","0.423076923076923","0.384615384615385","0.153846153846154","0.346153846153846","0.230769230769231","0.307692307692308","0.153846153846154","0.269230769230769","0.192307692307692","0.192307692307692","0.346153846153846","0.153846153846154","0.384615384615385","0.5","0.346153846153846","0.269230769230769","0.615384615384615","0.807692307692308","0.5","1.11538461538462","0.846153846153846","1.11538461538462","1.03846153846154","1.23076923076923","1.73076923076923","4.65384615384615","1.42307692307692","1.69230769230769","1.30769230769231","1.61538461538462","1.53846153846154","1.30769230769231","0.923076923076923","1","1.15384615384615","0.615384615384615","0.730769230769231","0.807692307692308","0.461538461538462","0.461538461538462","0.423076923076923","0.153846153846154","0.423076923076923","0.384615384615385","0.230769230769231","0.192307692307692","0.230769230769231","0.346153846153846","0.423076923076923","0.461538461538462","0.153846153846154","0.0769230769230769","0.384615384615385","0.384615384615385","0.307692307692308","0.461538461538462","0.192307692307692","0.153846153846154","0.423076923076923","0.384615384615385","0.346153846153846","0.423076923076923","0.307692307692308","0.153846153846154","0.269230769230769","0.576923076923077","0.192307692307692","0.192307692307692","0.5","0.5","0.461538461538462","0.423076923076923","0.5","0.307692307692308","0.269230769230769","0.384615384615385","0.192307692307692","0.692307692307692","0.269230769230769","0.538461538461538","0.461538461538462","0.346153846153846","0.461538461538462","0.307692307692308","0.461538461538462","0.423076923076923","0.692307692307692","0.230769230769231","0.730769230769231","0.269230769230769","0.461538461538462","0.115384615384615","0.576923076923077","0.307692307692308","0.423076923076923","0.423076923076923","0.615384615384615","0.769230769230769","0.576923076923077","0.807692307692308","0.538461538461538","0.230769230769231","0.269230769230769","0.461538461538462","0.461538461538462","0.384615384615385","0.269230769230769","0.384615384615385","0.307692307692308","0.230769230769231","0.346153846153846","0.269230769230769","0.307692307692308","0.307692307692308","0.269230769230769","0.307692307692308","0.192307692307692","0.269230769230769","0.192307692307692","0.538461538461538","0.423076923076923","0.461538461538462","0.307692307692308","0.230769230769231","0.115384615384615","0.653846153846154"
1,"C8","0",NA,NA,NA,NA,"0",NA,NA,NA,NA,"","0","0","0","0","0","0","0","0","0","0","0","0","0","0","0","0","0","0","0","0","0","0","0","0","0","0","0","0","0","0","0","0","0","0","0","0","0","0","0","0","0","0","0","0","0","0","0","0","0","0","0","0","0","0","0","0","0","0","0","0","0","0","0","0","0","0","0","0","0","0","0","0","0","0","0","0","0","0","0","0","0","0","0","0","0","0","0","0","0","0","0","0","0","0","0","0","0","0","0","0","0","0","0","0","0","0","0","0","0","0","0","0","0","0","0","0","0","0","0","0","0","0","0","0","0","0","0","0","0","0","0","0","0","0","0","0","0","0","0","0","0","0","0","0","0","0","0","0","0","0","0","0","0","0","0","0","0","0","0","0","0","0","0","0","0","0","0","0","0","0","0","0","0","0","0","0","0","0","0","0","0","0","0","0","0","0","0","0","0","0","0","0","0","0","0","0","0","0","0","0","0"
1,"D1","0",NA,NA,NA,NA,"0",NA,NA,NA,NA,"","0","0","0","0","0","0","0","0","0","0","0","0","0","0","0","0","0","0","0","0","0","0","0","0","0","0","0","0","0","0","0","0","0","0","0","0","0","0","0","0","0","0","0","0","0","0","0","0","0","0","0","0","0","0","0","0","0","0","0","0","0","0","0","0","0","0","0","0","0","0","0","0","0","0","0","0","0","0","0","0","0","0","0","0","0","0","0","0","0","0","0","0","0","0","0","0","0","0","0","0","0","0","0","0","0","0","0","0","0","0","0","0","0","0","0","0","0","0","0","0","0","0","0","0","0","0","0","0","0","0","0","0","0","0","0","0","0","0","0","0","0","0","0","0","0","0","0","0","0","0","0","0","0","0","0","0","0","0","0","0","0","0","0","0","0","0","0","0","0","0","0","0","0","0","0","0","0","0","0","0","0","0","0","0","0","0","0","0","0","0","0","0","0","0","0","0","0","0","0","0","0"
1,"D2","84","6.94047619047619","2.73905792650091","0.0464009353741497","0.0606208610730017","8.52566129202234","9.63095238095238","0.473734939759036","4","12","treatX","3.92857142857143","3.48809523809524","3.77380952380952","3.54761904761905","3.72619047619048","3.26190476190476","3.73809523809524","3.32142857142857","3.69047619047619","3.26190476190476","4.14285714285714","3.32142857142857","3.69047619047619","3.41666666666667","3.47619047619048","3.89285714285714","3.32142857142857","3.61904761904762","3.83333333333333","3.33333333333333","3.78571428571429","3.48809523809524","3.70238095238095","3.66666666666667","3.26190476190476","3.89285714285714","3.77380952380952","3.98809523809524","3.57142857142857","3.79761904761905","3.58333333333333","3.67857142857143","4.23809523809524","3.52380952380952","3.70238095238095","3.67857142857143","3.80952380952381","3.94047619047619","3.85714285714286","3.58333333333333","3.98809523809524","3.75","3.58333333333333","3.97619047619048","3.29761904761905","4.08333333333333","3.67857142857143","3.67857142857143","3.79761904761905","3.47619047619048","4.03571428571429","3.77380952380952","3.72619047619048","4.25","3.76190476190476","3.75","4.07142857142857","3.82142857142857","3.96428571428571","3.73809523809524","3.61904761904762","3.80952380952381","3.82142857142857","4.08333333333333","3.64285714285714","4.11904761904762","3.52380952380952","3.89285714285714","3.86904761904762","3.57142857142857","3.78571428571429","3.55952380952381","3.73809523809524","3.5952380952381","3.11904761904762","3.92857142857143","3.66666666666667","3.79761904761905","3.58333333333333","3.57142857142857","3.64285714285714","3.35714285714286","3.61904761904762","3.64285714285714","3.75","3.38095238095238","3.64285714285714","3.58333333333333","3.85714285714286","3.29761904761905","3.88095238095238","3.61904761904762","3.85714285714286","4.01190476190476","3.70238095238095","3.5952380952381","3.86904761904762","3.28571428571429","4.15476190476191","2.51190476190476","6.94047619047619","3.27380952380952","4.45238095238095","3.88095238095238","4.07142857142857","3.88095238095238","3.75","4.09523809523809","4.03571428571429","3.71428571428571","4.03571428571429","3.61904761904762","3.79761904761905","3.76190476190476","3.67857142857143","3.5952380952381","3.97619047619048","3.38095238095238","3.53571428571429","3.38095238095238","3.07142857142857","3.69047619047619","3.08333333333333","3.51190476190476","2.94047619047619","3.55952380952381","3.13095238095238","3.52380952380952","3.20238095238095","3.25","3.36904761904762","3.0952380952381","3.11904761904762","3.55952380952381","2.66666666666667","3.69047619047619","3.07142857142857","3.25","3.30952380952381","3.08333333333333","3.3452380952381","3.4047619047619","3.01190476190476","2.85714285714286","2.96428571428571","3","2.8452380952381","3","3","2.29761904761905","2.76190476190476","3.07142857142857","2.85714285714286","3.11904761904762","2.9047619047619","2.79761904761905","2.46428571428571","3.05952380952381","2.89285714285714","2.60714285714286","2.60714285714286","2.75","2.98809523809524","2.70238095238095","2.61904761904762","2.91666666666667","2.66666666666667","2.61904761904762","2.83333333333333","2.67857142857143","2.63095238095238","2.45238095238095","2.51190476190476","2.75","2.08333333333333","2.63095238095238","2.23809523809524","2.55952380952381","2.28571428571429","2.41666666666667","2.46428571428571","2.0952380952381","2.48809523809524","2.38095238095238","2.26190476190476","2.16666666666667","2.53571428571429","2.0952380952381","2.42857142857143","2.05952380952381","2.5952380952381","2.05952380952381","2.58333333333333","2.13095238095238","2.29761904761905","2.51190476190476","2.47619047619048","1.96428571428571","2.47619047619048","1.82142857142857","2.60714285714286"
1,"D3","52","7.42307692307692","3.07645169843285","0.050829373351008","0.0600975420025444","7.43925743925744","10.4807692307692","0.224117647058824","4","15","treatX","4.48076923076923","4.61538461538461","4.23076923076923","4.61538461538461","4.28846153846154","4.25","4.19230769230769","4.84615384615385","3.84615384615385","4.76923076923077","4.25","4.28846153846154","4.34615384615385","4.23076923076923","4.13461538461539","4.13461538461539","4.19230769230769","4","4.57692307692308","4.17307692307692","4.92307692307692","4.26923076923077","4.13461538461539","4.5","4.61538461538461","5.05769230769231","4.21153846153846","4.80769230769231","5.01923076923077","4.46153846153846","5.09615384615385","4.80769230769231","4.92307692307692","4.42307692307692","4.96153846153846","4.51923076923077","4.82692307692308","4.69230769230769","4.25","4.26923076923077","4.65384615384615","4.07692307692308","4.23076923076923","3.92307692307692","4.75","3.84615384615385","4.23076923076923","3.84615384615385","3.40384615384615","4.13461538461539","4.03846153846154","3.92307692307692","4.13461538461539","4.26923076923077","3.63461538461538","4.40384615384615","3.78846153846154","4.11538461538461","3.88461538461538","3.92307692307692","4.13461538461539","3.76923076923077","4","3.30769230769231","4.13461538461539","4.32692307692308","3.82692307692308","3.82692307692308","3.48076923076923","3.84615384615385","3.65384615384615","4.53846153846154","3.30769230769231","3.88461538461538","3.42307692307692","4.03846153846154","4.19230769230769","3.67307692307692","4.23076923076923","3.80769230769231","4.55769230769231","3.57692307692308","4.32692307692308","3.40384615384615","4.09615384615385","4.28846153846154","3.40384615384615","4.25","3.46153846153846","4.21153846153846","3.82692307692308","3.63461538461538","3.86538461538462","3.96153846153846","3.94230769230769","4.30769230769231","3.88461538461538","3.78846153846154","4.53846153846154","3.38461538461538","7.42307692307692","3.13461538461538","5.21153846153846","4.67307692307692","4.65384615384615","4.96153846153846","4.57692307692308","4.67307692307692","4.59615384615385","4.36538461538461","5","4.44230769230769","4.48076923076923","4.26923076923077","4.80769230769231","4.73076923076923","4.53846153846154","4.26923076923077","4.5","4.26923076923077","4.69230769230769","4.17307692307692","3.61538461538462","4.34615384615385","3.86538461538462","4.42307692307692","3.59615384615385","4.17307692307692","4","3.86538461538462","4.19230769230769","3.76923076923077","4.34615384615385","4.25","4.19230769230769","3.94230769230769","3.98076923076923","3.94230769230769","3.88461538461538","4.63461538461539","4.07692307692308","4.21153846153846","3.80769230769231","4.42307692307692","3.92307692307692","4.51923076923077","4.09615384615385","4.26923076923077","4.05769230769231","4.38461538461539","4.26923076923077","3.98076923076923","4.55769230769231","4.36538461538461","4.59615384615385","4.28846153846154","4.07692307692308","4.15384615384615","4.59615384615385","4.09615384615385","4.09615384615385","4.09615384615385","4.19230769230769","3.65384615384615","4.15384615384615","3.90384615384615","3.90384615384615","4.09615384615385","4.15384615384615","3.21153846153846","4.34615384615385","4.01923076923077","3.61538461538462","4.05769230769231","3.34615384615385","4.03846153846154","3.19230769230769","3.98076923076923","3.69230769230769","3.80769230769231","3.55769230769231","3.57692307692308","3.51923076923077","3.88461538461538","3.69230769230769","3.73076923076923","3.65384615384615","3.63461538461538","3.98076923076923","3.44230769230769","3.36538461538462","3.61538461538462","3.21153846153846","4.07692307692308","3.48076923076923","3.94230769230769","3.32692307692308","3.38461538461538","3.57692307692308","3.28846153846154","3.38461538461538"
1,"D4","0",NA,NA,NA,NA,"0",NA,NA,NA,NA,"untreated","0","0","0","0","0","0","0","0","0","0","0","0","0","0","0","0","0","0","0","0","0","0","0","0","0","0","0","0","0","0","0","0","0","0","0","0","0","0","0","0","0","0","0","0","0","0","0","0","0","0","0","0","0","0","0","0","0","0","0","0","0","0","0","0","0","0","0","0","0","0","0","0","0","0","0","0","0","0","0","0","0","0","0","0","0","0","0","0","0","0","0","0","0","0","0","0","0","0","0","0","0","0","0","0","0","0","0","0","0","0","0","0","0","0","0","0","0","0","0","0","0","0","0","0","0","0","0","0","0","0","0","0","0","0","0","0","0","0","0","0","0","0","0","0","0","0","0","0","0","0","0","0","0","0","0","0","0","0","0","0","0","0","0","0","0","0","0","0","0","0","0","0","0","0","0","0","0","0","0","0","0","0","0","0","0","0","0","0","0","0","0","0","0","0","0","0","0","0","0","0","0"
1,"D5","0",NA,NA,NA,NA,"0",NA,NA,NA,NA,"untreated","0","0","0","0","0","0","0","0","0","0","0","0","0","0","0","0","0","0","0","0","0","0","0","0","0","0","0","0","0","0","0","0","0","0","0","0","0","0","0","0","0","0","0","0","0","0","0","0","0","0","0","0","0","0","0","0","0","0","0","0","0","0","0","0","0","0","0","0","0","0","0","0","0","0","0","0","0","0","0","0","0","0","0","0","0","0","0","0","0","0","0","0","0","0","0","0","0","0","0","0","0","0","0","0","0","0","0","0","0","0","0","0","0","0","0","0","0","0","0","0","0","0","0","0","0","0","0","0","0","0","0","0","0","0","0","0","0","0","0","0","0","0","0","0","0","0","0","0","0","0","0","0","0","0","0","0","0","0","0","0","0","0","0","0","0","0","0","0","0","0","0","0","0","0","0","0","0","0","0","0","0","0","0","0","0","0","0","0","0","0","0","0","0","0","0","0","0","0","0","0","0"
1,"D6","129","4.86821705426357","1.04118205781668","0.0134147286821705","0.00403625960688601","21.847363249263","5.17054263565892","0.356953125","4","8","treatY","1.46511627906977","1.73643410852713","1.67441860465116","1.24806201550388","1.69767441860465","1.51937984496124","1.53488372093023","1.42635658914729","1.55813953488372","1.4031007751938","1.62790697674419","1.62015503875969","1.36434108527132","1.56589147286822","1.31007751937985","1.37209302325581","1.83720930232558","1.34108527131783","1.4031007751938","1.5968992248062","1.45736434108527","1.49612403100775","1.55038759689922","1.25581395348837","1.30232558139535","1.82170542635659","1.71317829457364","1.35658914728682","1.42635658914729","1.64341085271318","1.53488372093023","1.24806201550388","1.46511627906977","1.48837209302326","1.49612403100775","1.55813953488372","1.55038759689922","1.25581395348837","1.65891472868217","1.51162790697674","1.69767441860465","1.6046511627907","1.55813953488372","1.48837209302326","1.93798449612403","1.51162790697674","1.6046511627907","1.51162790697674","1.43410852713178","1.45736434108527","1.6046511627907","1.41860465116279","1.74418604651163","1.37984496124031","1.41085271317829","1.69767441860465","1.5968992248062","1.21705426356589","1.56589147286822","1.63565891472868","1.68217054263566","1.64341085271318","1.29457364341085","1.6046511627907","1.54263565891473","1.41085271317829","1.98449612403101","1.55813953488372","1.15503875968992","1.78294573643411","1.68992248062015","1.26356589147287","1.46511627906977","1.55813953488372","1.33333333333333","1.57364341085271","1.77519379844961","1.52713178294574","1.3953488372093","1.71317829457364","1.63565891472868","1.58139534883721","1.56589147286822","1.25581395348837","1.67441860465116","1.6046511627907","1.4031007751938","1.48062015503876","1.44186046511628","1.49612403100775","1.44186046511628","1.82170542635659","1.31782945736434","1.41085271317829","1.82170542635659","1.31782945736434","1.44186046511628","2.17829457364341","0.775193798449612","0.674418604651163","4.86821705426357","0.953488372093023","0.720930232558139","2.24031007751938","1.47286821705426","1.22480620155039","1.89147286821705","1.4031007751938","1.42635658914729","1.89147286821705","1.53488372093023","1.35658914728682","1.66666666666667","1.1937984496124","1.56589147286822","1.7984496124031","1.52713178294574","1.43410852713178","1.75193798449612","1.1937984496124","1.53488372093023","1.68992248062015","1.34108527131783","1.37984496124031","1.51937984496124","1.61240310077519","1.42635658914729","1.38759689922481","1.52713178294574","1.29457364341085","1.64341085271318","1.76744186046512","1.24806201550388","1.29457364341085","1.62790697674419","1.51162790697674","1.36434108527132","1.55813953488372","1.41860465116279","1.33333333333333","1.4031007751938","1.65891472868217","1.6046511627907","1.1937984496124","1.3953488372093","1.74418604651163","1.34108527131783","1.08527131782946","1.8062015503876","1.2015503875969","1.52713178294574","1.54263565891473","1.31782945736434","1.48837209302326","1.68217054263566","1.49612403100775","1.50387596899225","1.34883720930233","1.37984496124031","1.41085271317829","1.46511627906977","1.49612403100775","1.46511627906977","1.2093023255814","1.57364341085271","1.50387596899225","1.38759689922481","1.47286821705426","1.52713178294574","1.26356589147287","1.31782945736434","1.69767441860465","1.25581395348837","1.25581395348837","1.46511627906977","1.34108527131783","1.33333333333333","1.56589147286822","1.37984496124031","1.51937984496124","1.38759689922481","1.31007751937985","1.48062015503876","1.32558139534884","1.36434108527132","1.32558139534884","1.45736434108527","1.38759689922481","1.28682170542636","1.48062015503876","1.48837209302326","1.1937984496124","1.42635658914729","1.45736434108527","1.17054263565891","1.46511627906977","1.35658914728682","1.1937984496124","1.45736434108527","1.51162790697674","1.21705426356589"
1,"D7","38","4.39473684210526","0.679406485190926","0.022171052631579","0.016244991690308","5.21201413427562","4.65789473684211","1.15216216216216","4","6","treatY","0.789473684210526","0.578947368421053","0.710526315789474","0.710526315789474","0.973684210526316","0.973684210526316","0.526315789473684","0.763157894736842","0.684210526315789","0.710526315789474","0.684210526315789","0.763157894736842","0.789473684210526","0.605263157894737","0.763157894736842","0.657894736842105","0.710526315789474","0.684210526315789","0.631578947368421","0.657894736842105","0.789473684210526","0.578947368421053","0.842105263157895","0.789473684210526","0.657894736842105","0.578947368421053","0.868421052631579","0.684210526315789","0.631578947368421","0.868421052631579","0.842105263157895","0.710526315789474","0.710526315789474","0.973684210526316","1.02631578947368","0.789473684210526","0.842105263157895","0.657894736842105","0.710526315789474","0.710526315789474","0.947368421052632","0.684210526315789","0.657894736842105","0.631578947368421","0.736842105263158","0.736842105263158","0.736842105263158","0.789473684210526","0.921052631578947","0.657894736842105","0.631578947368421","0.763157894736842","0.631578947368421","0.657894736842105","0.894736842105263","0.815789473684211","0.578947368421053","0.5","0.710526315789474","0.684210526315789","0.842105263157895","0.815789473684211","0.842105263157895","0.736842105263158","0.736842105263158","1","0.605263157894737","0.947368421052632","0.868421052631579","1","1.10526315789474","0.763157894736842","0.736842105263158","0.710526315789474","1.10526315789474","0.868421052631579","0.894736842105263","0.789473684210526","0.921052631578947","0.789473684210526","0.789473684210526","1.07894736842105","0.526315789473684","0.815789473684211","0.947368421052632","0.736842105263158","1.13157894736842","1","1.05263157894737","1.23684210526316","1.23684210526316","0.894736842105263","1.31578947368421","1.07894736842105","1.13157894736842","1.31578947368421","1.10526315789474","1.39473684210526","1.23684210526316","1.42105263157895","4.39473684210526","1.39473684210526","1.71052631578947","1.21052631578947","1.5","1.31578947368421","1.05263157894737","1.10526315789474","1.07894736842105","1.31578947368421","1.15789473684211","1.10526315789474","0.710526315789474","1","1","1.07894736842105","0.894736842105263","1.10526315789474","1.05263157894737","0.868421052631579","1.13157894736842","1.07894736842105","0.947368421052632","0.868421052631579","1.07894736842105","1","0.947368421052632","0.815789473684211","0.921052631578947","0.736842105263158","0.868421052631579","0.921052631578947","0.657894736842105","0.894736842105263","0.842105263157895","1.39473684210526","0.868421052631579","0.815789473684211","0.894736842105263","0.842105263157895","0.710526315789474","0.973684210526316","0.815789473684211","1.07894736842105","0.789473684210526","0.763157894736842","1.05263157894737","0.657894736842105","0.789473684210526","0.842105263157895","1.02631578947368","0.710526315789474","0.842105263157895","0.736842105263158","0.815789473684211","0.789473684210526","0.763157894736842","0.605263157894737","0.921052631578947","0.736842105263158","0.947368421052632","0.947368421052632","0.763157894736842","0.973684210526316","0.815789473684211","0.973684210526316","0.921052631578947","0.894736842105263","1.05263157894737","0.921052631578947","1.05263157894737","1.26315789473684","0.894736842105263","1.18421052631579","1.13157894736842","1.05263157894737","0.894736842105263","0.921052631578947","0.736842105263158","0.710526315789474","1.05263157894737","0.736842105263158","1.13157894736842","1","0.842105263157895","0.763157894736842","0.815789473684211","1","0.710526315789474","0.710526315789474","0.815789473684211","0.842105263157895","0.526315789473684","0.815789473684211","0.710526315789474","0.868421052631579","1.05263157894737","0.710526315789474","0.789473684210526","0.657894736842105","0.763157894736842"
1,"D8","0",NA,NA,NA,NA,"0",NA,NA,NA,NA,"","0","0","0","0","0","0","0","0","0","0","0","0","0","0","0","0","0","0","0","0","0","0","0","0","0","0","0","0","0","0","0","0","0","0","0","0","0","0","0","0","0","0","0","0","0","0","0","0","0","0","0","0","0","0","0","0","0","0","0","0","0","0","0","0","0","0","0","0","0","0","0","0","0","0","0","0","0","0","0","0","0","0","0","0","0","0","0","0","0","0","0","0","0","0","0","0","0","0","0","0","0","0","0","0","0","0","0","0","0","0","0","0","0","0","0","0","0","0","0","0","0","0","0","0","0","0","0","0","0","0","0","0","0","0","0","0","0","0","0","0","0","0","0","0","0","0","0","0","0","0","0","0","0","0","0","0","0","0","0","0","0","0","0","0","0","0","0","0","0","0","0","0","0","0","0","0","0","0","0","0","0","0","0","0","0","0","0","0","0","0","0","0","0","0","0","0","0","0","0","0","0"
1,"E1","0",NA,NA,NA,NA,"0",NA,NA,NA,NA,"","0","0","0","0","0","0","0","0","0","0","0","0","0","0","0","0","0","0","0","0","0","0","0","0","0","0","0","0","0","0","0","0","0","0","0","0","0","0","0","0","0","0","0","0","0","0","0","0","0","0","0","0","0","0","0","0","0","0","0","0","0","0","0","0","0","0","0","0","0","0","0","0","0","0","0","0","0","0","0","0","0","0","0","0","0","0","0","0","0","0","0","0","0","0","0","0","0","0","0","0","0","0","0","0","0","0","0","0","0","0","0","0","0","0","0","0","0","0","0","0","0","0","0","0","0","0","0","0","0","0","0","0","0","0","0","0","0","0","0","0","0","0","0","0","0","0","0","0","0","0","0","0","0","0","0","0","0","0","0","0","0","0","0","0","0","0","0","0","0","0","0","0","0","0","0","0","0","0","0","0","0","0","0","0","0","0","0","0","0","0","0","0","0","0","0","0","0","0","0","0","0"
1,"E2","41","5.97560975609756","2.48483203535016","0.0388373983739837","0.0432961777855749","6.5154718431674","8.26829268292683","1.036","4","14","treatX","3.09756097560976","3.46341463414634","3.21951219512195","3.07317073170732","3.51219512195122","3.09756097560976","3.92682926829268","3.5609756097561","3.48780487804878","3.63414634146341","3.90243902439024","3.46341463414634","3.95121951219512","3.26829268292683","3.41463414634146","2.90243902439024","3.31707317073171","3.24390243902439","3.09756097560976","3.53658536585366","3.17073170731707","3.4390243902439","3.02439024390244","3.17073170731707","2.73170731707317","3.24390243902439","3.21951219512195","3.41463414634146","3.21951219512195","3.17073170731707","3.09756097560976","3.04878048780488","3.46341463414634","3.1219512195122","3.53658536585366","3.39024390243902","3.53658536585366","3.51219512195122","3.51219512195122","3.04878048780488","3.29268292682927","2.82926829268293","3.17073170731707","2.80487804878049","3.19512195121951","3.24390243902439","3.07317073170732","3.31707317073171","2.90243902439024","2.63414634146341","3.29268292682927","3.63414634146341","3.29268292682927","2.90243902439024","3.19512195121951","3.26829268292683","3.02439024390244","3.39024390243902","2.8780487804878","3.24390243902439","3.31707317073171","3.04878048780488","2.85365853658537","3.1219512195122","2.78048780487805","3.14634146341463","3.04878048780488","2.78048780487805","2.48780487804878","2.75609756097561","2.75609756097561","3","2.41463414634146","2.68292682926829","2.53658536585366","2.68292682926829","2.80487804878049","2.95121951219512","2.73170731707317","2.82926829268293","2.63414634146341","2.78048780487805","3.07317073170732","2.82926829268293","2.92682926829268","2.85365853658537","2.80487804878049","2.97560975609756","2.92682926829268","2.8780487804878","2.78048780487805","2.51219512195122","2.90243902439024","2.14634146341463","2.82926829268293","2.60975609756098","3.1219512195122","2.97560975609756","3.46341463414634","2.41463414634146","5.97560975609756","2.51219512195122","3.75609756097561","2.95121951219512","3.17073170731707","2.8780487804878","3.02439024390244","3.04878048780488","3.1219512195122","2.8780487804878","2.80487804878049","3.34146341463415","2.53658536585366","2.90243902439024","2.5609756097561","2.75609756097561","2.70731707317073","2.82926829268293","2.5609756097561","2.46341463414634","2.80487804878049","2.5609756097561","2.46341463414634","2.26829268292683","1.8780487804878","2.5609756097561","2.51219512195122","2.39024390243902","2.39024390243902","2.26829268292683","2.31707317073171","2.39024390243902","2.34146341463415","1.97560975609756","2.29268292682927","2.1219512195122","2.14634146341463","2.29268292682927","1.95121951219512","2.17073170731707","2.04878048780488","1.97560975609756","1.8780487804878","1.90243902439024","1.92682926829268","2.04878048780488","2.41463414634146","1.90243902439024","1.75609756097561","1.80487804878049","2.1219512195122","2.07317073170732","1.80487804878049","1.85365853658537","2","1.75609756097561","1.75609756097561","1.90243902439024","1.95121951219512","1.97560975609756","1.8780487804878","1.73170731707317","1.73170731707317","1.92682926829268","1.92682926829268","1.60975609756098","1.73170731707317","1.78048780487805","1.73170731707317","1.53658536585366","1.92682926829268","1.63414634146341","1.80487804878049","1.53658536585366","1.36585365853659","1.80487804878049","1.65853658536585","1.31707317073171","1.48780487804878","1.39024390243902","1.36585365853659","1.63414634146341","1.41463414634146","1.58536585365854","1.48780487804878","1.51219512195122","1.68292682926829","1.60975609756098","1.63414634146341","1.24390243902439","1.41463414634146","1.36585365853659","1.31707317073171","1.29268292682927","1.48780487804878","1.4390243902439","1.48780487804878","1.39024390243902","1.29268292682927","1.5609756097561","0.975609756097561"
1,"E3","63","5.93650793650794","2.18405523882211","0.0466301335348954","0.0665422195588752","7.24238248354004","7.50793650793651","0.599354838709678","4","12","treatX","3.28571428571429","2.96825396825397","3.01587301587302","3.14285714285714","3.15873015873016","2.82539682539683","3.06349206349206","3","3.07936507936508","3.22222222222222","3.19047619047619","3.0952380952381","3.49206349206349","2.88888888888889","3.01587301587302","2.85714285714286","3.20634920634921","3.04761904761905","2.6984126984127","3.0952380952381","2.77777777777778","3.3968253968254","2.76190476190476","2.87301587301587","2.57142857142857","2.77777777777778","2.92063492063492","2.88888888888889","2.84126984126984","2.80952380952381","2.79365079365079","3.12698412698413","2.61904761904762","2.93650793650794","2.85714285714286","2.95238095238095","2.80952380952381","2.79365079365079","2.6984126984127","2.85714285714286","2.57142857142857","3.36507936507937","2.9047619047619","3.52380952380952","2.74603174603175","3.11111111111111","3.04761904761905","3.07936507936508","2.66666666666667","2.77777777777778","3.25396825396825","2.98412698412698","3.22222222222222","3","3.19047619047619","3.03174603174603","3.14285714285714","2.92063492063492","3.3015873015873","3.12698412698413","3.26984126984127","3.33333333333333","3.49206349206349","3.04761904761905","3.06349206349206","3.07936507936508","2.9047619047619","2.88888888888889","3.3015873015873","2.93650793650794","3.25396825396825","3.07936507936508","2.96825396825397","2.95238095238095","3.03174603174603","2.87301587301587","3.03174603174603","2.92063492063492","3.23809523809524","2.50793650793651","2.84126984126984","2.80952380952381","3.04761904761905","2.55555555555556","2.74603174603175","2.80952380952381","2.82539682539683","2.71428571428571","3.15873015873016","2.96825396825397","2.55555555555556","3","2.87301587301587","2.96825396825397","2.85714285714286","2.88888888888889","3.33333333333333","2.88888888888889","3","2.31746031746032","5.93650793650794","2.50793650793651","3.65079365079365","2.87301587301587","2.98412698412698","3.22222222222222","3","3.01587301587302","3.20634920634921","2.77777777777778","2.87301587301587","2.76190476190476","2.66666666666667","2.71428571428571","2.95238095238095","2.47619047619048","2.57142857142857","2.42857142857143","2.38095238095238","2.55555555555556","2.50793650793651","2.47619047619048","2.53968253968254","2.34920634920635","2.19047619047619","2.20634920634921","2.6031746031746","2.44444444444444","2.25396825396825","2.11111111111111","2.47619047619048","2.47619047619048","2.34920634920635","2.3968253968254","2.17460317460317","2.14285714285714","2.20634920634921","2.01587301587302","2.31746031746032","2.15873015873016","2.17460317460317","2.06349206349206","2.19047619047619","2.03174603174603","1.92063492063492","1.95238095238095","2.11111111111111","2.12698412698413","2.01587301587302","1.80952380952381","2.03174603174603","2.06349206349206","1.88888888888889","1.92063492063492","2.04761904761905","1.9047619047619","1.76190476190476","2.03174603174603","1.6984126984127","1.95238095238095","1.85714285714286","1.6031746031746","1.68253968253968","1.65079365079365","1.96825396825397","1.66666666666667","2.04761904761905","1.3968253968254","1.6984126984127","1.57142857142857","1.50793650793651","1.49206349206349","1.36507936507937","1.68253968253968","1.57142857142857","1.55555555555556","1.53968253968254","1.41269841269841","1.38095238095238","1.34920634920635","1.63492063492063","1.36507936507937","1.53968253968254","1.26984126984127","1.65079365079365","1.44444444444444","1.11111111111111","1.55555555555556","1.3015873015873","1.3968253968254","1.03174603174603","1.26984126984127","1.22222222222222","1.14285714285714","1.12698412698413","1.11111111111111","1.33333333333333","1.07936507936508","1.14285714285714","1.0952380952381","1.22222222222222"
1,"E4","149","6.49664429530201","2.21671829841122","0.0347875519335251","0.0142699586489006","22.5622681505034","11.4295302013423","0.329864864864865","4","15","untreated","1.91946308724832","1.77181208053691","2.04026845637584","2.02013422818792","1.95973154362416","2.08053691275168","1.86577181208054","1.95973154362416","1.87919463087248","2.06040268456376","2.04697986577181","2.22818791946309","2.15436241610738","2.16107382550336","2.02013422818792","2.41610738255034","2.2751677852349","2","2.30872483221477","2.08053691275168","2.20805369127517","1.81208053691275","1.93288590604027","2.18120805369128","1.95973154362416","2.16778523489933","2.02684563758389","1.8993288590604","1.73154362416107","1.8993288590604","1.95973154362416","2.30872483221477","2.0738255033557","2.26174496644295","2.08053691275168","2.0738255033557","1.90604026845638","1.99328859060403","2.00671140939597","2.04697986577181","2.13422818791946","2.20134228187919","2.08724832214765","1.99328859060403","1.84563758389262","1.88590604026846","1.88590604026846","1.91946308724832","2.02684563758389","1.84563758389262","2.08724832214765","1.69798657718121","2.02684563758389","2.24161073825503","2.26845637583893","2.28859060402685","2.32885906040268","2.26174496644295","1.98657718120805","1.87919463087248","1.95302013422819","1.83892617449664","2","1.7248322147651","1.87919463087248","1.96644295302013","2.12751677852349","1.99328859060403","2.11409395973154","2.35570469798658","2.31543624161074","2.12751677852349","2.40939597315436","2.25503355704698","1.97986577181208","1.98657718120805","1.73825503355705","1.51677852348993","1.61073825503356","1.4496644295302","1.53691275167785","1.67785234899329","1.97986577181208","2.39597315436242","2.73825503355705","2.79865771812081","2.5503355704698","2.63758389261745","2.58389261744966","2.18791946308725","1.85234899328859","1.58389261744966","1.36912751677852","1","0.583892617449664","0.664429530201342","0.791946308724832","1.29530201342282","2.2751677852349","3.3758389261745","6.49664429530201","4.32885906040268","3.36912751677852","2.60402684563758","1.44295302013423","1.12751677852349","0.805369127516778","0.791946308724832","1.01342281879195","1.3758389261745","1.49664429530201","1.83221476510067","2.12751677852349","2.60402684563758","2.57046979865772","2.68456375838926","2.97986577181208","2.46979865771812","1.94630872483221","1.84563758389262","1.57046979865772","1.35570469798658","1.36912751677852","1.35570469798658","1.35570469798658","1.52348993288591","1.40939597315436","1.57046979865772","1.79865771812081","2.06711409395973","2.24832214765101","2.30201342281879","1.91946308724832","1.88590604026846","1.77852348993289","1.83221476510067","1.53691275167785","1.46308724832215","1.42281879194631","1.36241610738255","1.46979865771812","1.61744966442953","1.60402684563758","1.78523489932886","1.91275167785235","1.81208053691275","1.74496644295302","1.75838926174497","1.61744966442953","1.52348993288591","1.70469798657718","1.51677852348993","1.74496644295302","1.8255033557047","1.66442953020134","1.64429530201342","1.5503355704698","1.44295302013423","1.57046979865772","1.51006711409396","1.59731543624161","1.52348993288591","1.57046979865772","1.64429530201342","1.46979865771812","1.77852348993289","1.8993288590604","1.77852348993289","1.75167785234899","1.83221476510067","1.67785234899329","1.44295302013423","1.39597315436242","1.36912751677852","1.32214765100671","1.57718120805369","1.61073825503356","1.75838926174497","1.60402684563758","1.52348993288591","1.59731543624161","1.34228187919463","1.46308724832215","1.36241610738255","1.46308724832215","1.78523489932886","1.84563758389262","1.67785234899329","1.81879194630872","1.58389261744966","1.46308724832215","1.50335570469799","1.3758389261745","1.46308724832215","1.46979865771812","1.51006711409396","1.31543624161074","1.43624161073825","1.43624161073825","1.34228187919463","1.56375838926175"
1,"E5","33","6.96969696969697","1.15879378247513","0.0260183982683983","0.0111995776101326","25.077399380805","12.2727272727273","0.144375","5","9","untreated","1.66666666666667","1.45454545454545","1.21212121212121","0.96969696969697","1.45454545454545","1.21212121212121","1.42424242424242","1.36363636363636","1.84848484848485","2.36363636363636","2.09090909090909","1.81818181818182","1.84848484848485","2","1.54545454545455","1.27272727272727","1.3030303030303","1.27272727272727","1.39393939393939","2.06060606060606","1.6969696969697","1.54545454545455","1.42424242424242","1.09090909090909","1.3030303030303","1.39393939393939","1.36363636363636","1.81818181818182","2.33333333333333","2.03030303030303","1.90909090909091","1.93939393939394","1.90909090909091","1.39393939393939","1.36363636363636","1.63636363636364","1.18181818181818","1.39393939393939","1.81818181818182","1.42424242424242","1.6969696969697","1.87878787878788","1.84848484848485","2.3030303030303","1.96969696969697","2.03030303030303","1.84848484848485","2.12121212121212","2.12121212121212","1.72727272727273","2.15151515151515","1.93939393939394","1.63636363636364","1.48484848484848","1.45454545454545","1.3030303030303","1.42424242424242","1.24242424242424","1.15151515151515","1.84848484848485","1.84848484848485","1.63636363636364","2.36363636363636","2","2","2.21212121212121","1.87878787878788","2.03030303030303","2.15151515151515","2.21212121212121","1.81818181818182","1.51515151515152","1.21212121212121","1.24242424242424","1.33333333333333","1.60606060606061","1.90909090909091","1.84848484848485","1.75757575757576","1.72727272727273","1.78787878787879","1.87878787878788","1.45454545454545","1.96969696969697","2.45454545454545","2.33333333333333","1.87878787878788","2.03030303030303","1.84848484848485","1.54545454545455","1.96969696969697","1.63636363636364","1.21212121212121","1.12121212121212","0.636363636363636","0.454545454545455","0.696969696969697","1.15151515151515","1.60606060606061","2.84848484848485","6.96969696969697","4.24242424242424","2.66666666666667","1.18181818181818","0.515151515151515","0.454545454545455","0.666666666666667","0.878787878787879","0.787878787878788","1.24242424242424","1.75757575757576","1.51515151515152","1.72727272727273","1.96969696969697","1.45454545454545","1.78787878787879","1.87878787878788","1.6969696969697","1.81818181818182","2.03030303030303","1.18181818181818","1.60606060606061","1.60606060606061","1.24242424242424","1.21212121212121","1.21212121212121","1.27272727272727","1.03030303030303","1.18181818181818","1.36363636363636","1.24242424242424","1.84848484848485","1.66666666666667","1.87878787878788","2.24242424242424","2.03030303030303","1.63636363636364","1.39393939393939","1.6969696969697","1.3030303030303","1.33333333333333","1.63636363636364","1.42424242424242","1.36363636363636","1.09090909090909","1.09090909090909","1.18181818181818","1.3030303030303","1.45454545454545","1.45454545454545","1.75757575757576","1.51515151515152","1.54545454545455","1.63636363636364","1.63636363636364","1.57575757575758","1.51515151515152","1.78787878787879","1.45454545454545","1.51515151515152","1.45454545454545","1.09090909090909","1.09090909090909","1.03030303030303","0.96969696969697","1.15151515151515","1.15151515151515","0.848484848484849","1.48484848484848","1.42424242424242","1.33333333333333","1.54545454545455","2.12121212121212","1.81818181818182","1.51515151515152","1.57575757575758","1.21212121212121","0.96969696969697","0.96969696969697","0.939393939393939","0.909090909090909","1.21212121212121","1.09090909090909","1.24242424242424","1.45454545454545","1.42424242424242","1.42424242424242","1.72727272727273","1.36363636363636","1.33333333333333","1.57575757575758","2.54545454545455","2","1.63636363636364","1.27272727272727","0.818181818181818","1.18181818181818","1.09090909090909","1.03030303030303","1.21212121212121","1.27272727272727"
1,"E6","99","4.46464646464646","0.836820163465408","0.0222356902356902","0.0161285187076656","12.7272727272727","5.51515151515152","0.491734693877551","4","8","treatY","1.07070707070707","1.08080808080808","0.929292929292929","0.757575757575758","1.01010101010101","1.06060606060606","0.94949494949495","1.06060606060606","0.898989898989899","0.888888888888889","0.97979797979798","0.767676767676768","1.01010101010101","0.97979797979798","0.97979797979798","0.797979797979798","1.04040404040404","0.898989898989899","1.12121212121212","0.94949494949495","0.898989898989899","1.16161616161616","0.767676767676768","0.94949494949495","1.02020202020202","1.12121212121212","0.898989898989899","1.02020202020202","0.848484848484849","1.04040404040404","0.848484848484849","1.02020202020202","0.757575757575758","0.808080808080808","0.858585858585859","1","0.939393939393939","0.828282828282828","1.14141414141414","1.02020202020202","0.878787878787879","1.13131313131313","1.05050505050505","0.95959595959596","1.25252525252525","1.08080808080808","0.939393939393939","0.96969696969697","0.868686868686869","1.1010101010101","1.16161616161616","0.98989898989899","1.07070707070707","0.888888888888889","1.18181818181818","1.01010101010101","0.96969696969697","1.03030303030303","0.939393939393939","1.02020202020202","1.12121212121212","0.818181818181818","0.898989898989899","0.898989898989899","0.94949494949495","0.858585858585859","1.04040404040404","1.01010101010101","1.06060606060606","0.98989898989899","1.02020202020202","1.01010101010101","1.09090909090909","0.737373737373737","1","1.12121212121212","0.98989898989899","1.17171717171717","0.878787878787879","1.08080808080808","1.14141414141414","1.11111111111111","1.14141414141414","1.25252525252525","1.11111111111111","1.12121212121212","1.09090909090909","1.12121212121212","1.05050505050505","1.25252525252525","1.2020202020202","1.28282828282828","1.26262626262626","1.18181818181818","1.44444444444444","1.24242424242424","1.70707070707071","1.65656565656566","1.51515151515152","1.26262626262626","4.46464646464646","1.54545454545455","1.67676767676768","1.85858585858586","1.73737373737374","1.4949494949495","1.33333333333333","1.53535353535354","1.53535353535354","1.33333333333333","1.26262626262626","1.33333333333333","1.16161616161616","1.22222222222222","1.24242424242424","1.24242424242424","1.22222222222222","1.39393939393939","1.11111111111111","1.22222222222222","1.17171717171717","1.11111111111111","1.12121212121212","1.16161616161616","1.14141414141414","1.19191919191919","1.05050505050505","0.898989898989899","1.25252525252525","0.96969696969697","1.03030303030303","1.04040404040404","0.818181818181818","1.04040404040404","1.03030303030303","0.696969696969697","0.94949494949495","0.878787878787879","1.08080808080808","1.09090909090909","0.888888888888889","1.13131313131313","1.05050505050505","1.07070707070707","1.13131313131313","1.02020202020202","0.95959595959596","1.08080808080808","0.767676767676768","0.898989898989899","1.08080808080808","1.12121212121212","0.848484848484849","1.01010101010101","0.96969696969697","0.929292929292929","1.12121212121212","0.939393939393939","1.01010101010101","0.909090909090909","0.909090909090909","0.95959595959596","1.18181818181818","0.95959595959596","0.94949494949495","1.01010101010101","1.09090909090909","0.898989898989899","0.848484848484849","0.96969696969697","0.909090909090909","0.878787878787879","0.858585858585859","0.828282828282828","0.939393939393939","1.01010101010101","0.818181818181818","0.767676767676768","0.828282828282828","0.888888888888889","0.717171717171717","0.828282828282828","0.878787878787879","0.858585858585859","0.797979797979798","0.797979797979798","0.767676767676768","0.747474747474748","0.898989898989899","0.868686868686869","0.848484848484849","0.878787878787879","0.888888888888889","0.929292929292929","0.808080808080808","0.929292929292929","0.828282828282828","0.818181818181818","0.929292929292929","0.858585858585859","1.08080808080808"
1,"E7","94","4.56382978723404","0.755745172935301","0.0179707446808511","0.0100085589674816","11.7232704402516","4.95744680851064","0.515376344086022","4","7","treatY","0.946808510638298","0.872340425531915","0.861702127659574","0.659574468085106","0.808510638297872","0.946808510638298","0.925531914893617","0.680851063829787","0.787234042553192","0.840425531914894","0.75531914893617","0.872340425531915","0.765957446808511","1.04255319148936","1","0.946808510638298","0.968085106382979","0.829787234042553","0.617021276595745","0.819148936170213","0.765957446808511","0.808510638297872","0.691489361702128","0.914893617021277","0.797872340425532","0.851063829787234","0.925531914893617","0.659574468085106","0.893617021276596","0.98936170212766","0.851063829787234","0.925531914893617","0.861702127659574","0.648936170212766","0.957446808510638","0.851063829787234","0.75531914893617","0.680851063829787","0.882978723404255","0.861702127659574","1.03191489361702","0.670212765957447","0.808510638297872","1.09574468085106","0.872340425531915","1.06382978723404","0.904255319148936","1.01063829787234","0.968085106382979","0.872340425531915","0.957446808510638","0.882978723404255","0.872340425531915","0.819148936170213","0.702127659574468","0.957446808510638","0.872340425531915","1.09574468085106","1.02127659574468","0.98936170212766","1.19148936170213","1.24468085106383","1.17021276595745","1.08510638297872","0.968085106382979","1.18085106382979","1","0.936170212765957","1.19148936170213","1.0531914893617","1.09574468085106","0.968085106382979","0.98936170212766","0.925531914893617","0.957446808510638","1.02127659574468","1.03191489361702","1.0531914893617","0.840425531914894","1.13829787234043","0.925531914893617","1.06382978723404","1.06382978723404","1.17021276595745","1.02127659574468","0.914893617021277","0.904255319148936","1.06382978723404","1.12765957446809","0.946808510638298","1","1.09574468085106","1.04255319148936","1.24468085106383","1.11702127659574","1.24468085106383","1.18085106382979","1.38297872340426","1.17021276595745","1.27659574468085","4.56382978723404","1.18085106382979","1.41489361702128","1.38297872340426","1.29787234042553","1.18085106382979","1.15957446808511","1.17021276595745","1.0531914893617","0.893617021276596","1.01063829787234","1.01063829787234","1.07446808510638","1.08510638297872","1.09574468085106","0.819148936170213","0.925531914893617","1.08510638297872","1.06382978723404","0.893617021276596","1.08510638297872","1.19148936170213","0.819148936170213","0.98936170212766","0.968085106382979","0.861702127659574","0.819148936170213","0.840425531914894","0.861702127659574","0.925531914893617","0.851063829787234","0.882978723404255","1.12765957446809","0.904255319148936","1.07446808510638","0.851063829787234","0.904255319148936","0.872340425531915","0.946808510638298","1.02127659574468","0.882978723404255","0.904255319148936","0.904255319148936","0.691489361702128","0.765957446808511","0.797872340425532","0.75531914893617","0.978723404255319","0.861702127659574","0.797872340425532","0.712765957446808","0.776595744680851","0.851063829787234","0.872340425531915","0.734042553191489","0.872340425531915","0.904255319148936","1.1063829787234","0.861702127659574","0.808510638297872","1.04255319148936","0.776595744680851","0.872340425531915","0.851063829787234","0.861702127659574","0.75531914893617","0.882978723404255","0.712765957446808","0.861702127659574","0.765957446808511","0.776595744680851","0.904255319148936","0.74468085106383","0.765957446808511","0.797872340425532","0.75531914893617","0.851063829787234","0.829787234042553","0.893617021276596","0.797872340425532","0.702127659574468","0.797872340425532","0.74468085106383","0.787234042553192","0.712765957446808","0.797872340425532","0.893617021276596","0.74468085106383","0.872340425531915","0.808510638297872","0.702127659574468","0.787234042553192","0.840425531914894","0.680851063829787","0.819148936170213","0.797872340425532","0.585106382978723","0.585106382978723","0.702127659574468","0.797872340425532","0.74468085106383"
1,"E8","0",NA,NA,NA,NA,"0",NA,NA,NA,NA,"","0","0","0","0","0","0","0","0","0","0","0","0","0","0","0","0","0","0","0","0","0","0","0","0","0","0","0","0","0","0","0","0","0","0","0","0","0","0","0","0","0","0","0","0","0","0","0","0","0","0","0","0","0","0","0","0","0","0","0","0","0","0","0","0","0","0","0","0","0","0","0","0","0","0","0","0","0","0","0","0","0","0","0","0","0","0","0","0","0","0","0","0","0","0","0","0","0","0","0","0","0","0","0","0","0","0","0","0","0","0","0","0","0","0","0","0","0","0","0","0","0","0","0","0","0","0","0","0","0","0","0","0","0","0","0","0","0","0","0","0","0","0","0","0","0","0","0","0","0","0","0","0","0","0","0","0","0","0","0","0","0","0","0","0","0","0","0","0","0","0","0","0","0","0","0","0","0","0","0","0","0","0","0","0","0","0","0","0","0","0","0","0","0","0","0","0","0","0","0","0","0"
1,"F1","0",NA,NA,NA,NA,"0",NA,NA,NA,NA,"","0","0","0","0","0","0","0","0","0","0","0","0","0","0","0","0","0","0","0","0","0","0","0","0","0","0","0","0","0","0","0","0","0","0","0","0","0","0","0","0","0","0","0","0","0","0","0","0","0","0","0","0","0","0","0","0","0","0","0","0","0","0","0","0","0","0","0","0","0","0","0","0","0","0","0","0","0","0","0","0","0","0","0","0","0","0","0","0","0","0","0","0","0","0","0","0","0","0","0","0","0","0","0","0","0","0","0","0","0","0","0","0","0","0","0","0","0","0","0","0","0","0","0","0","0","0","0","0","0","0","0","0","0","0","0","0","0","0","0","0","0","0","0","0","0","0","0","0","0","0","0","0","0","0","0","0","0","0","0","0","0","0","0","0","0","0","0","0","0","0","0","0","0","0","0","0","0","0","0","0","0","0","0","0","0","0","0","0","0","0","0","0","0","0","0","0","0","0","0","0","0"
1,"F2","0",NA,NA,NA,NA,"0",NA,NA,NA,NA,"","0","0","0","0","0","0","0","0","0","0","0","0","0","0","0","0","0","0","0","0","0","0","0","0","0","0","0","0","0","0","0","0","0","0","0","0","0","0","0","0","0","0","0","0","0","0","0","0","0","0","0","0","0","0","0","0","0","0","0","0","0","0","0","0","0","0","0","0","0","0","0","0","0","0","0","0","0","0","0","0","0","0","0","0","0","0","0","0","0","0","0","0","0","0","0","0","0","0","0","0","0","0","0","0","0","0","0","0","0","0","0","0","0","0","0","0","0","0","0","0","0","0","0","0","0","0","0","0","0","0","0","0","0","0","0","0","0","0","0","0","0","0","0","0","0","0","0","0","0","0","0","0","0","0","0","0","0","0","0","0","0","0","0","0","0","0","0","0","0","0","0","0","0","0","0","0","0","0","0","0","0","0","0","0","0","0","0","0","0","0","0","0","0","0","0","0","0","0","0","0","0"
1,"F3","0",NA,NA,NA,NA,"0",NA,NA,NA,NA,"","0","0","0","0","0","0","0","0","0","0","0","0","0","0","0","0","0","0","0","0","0","0","0","0","0","0","0","0","0","0","0","0","0","0","0","0","0","0","0","0","0","0","0","0","0","0","0","0","0","0","0","0","0","0","0","0","0","0","0","0","0","0","0","0","0","0","0","0","0","0","0","0","0","0","0","0","0","0","0","0","0","0","0","0","0","0","0","0","0","0","0","0","0","0","0","0","0","0","0","0","0","0","0","0","0","0","0","0","0","0","0","0","0","0","0","0","0","0","0","0","0","0","0","0","0","0","0","0","0","0","0","0","0","0","0","0","0","0","0","0","0","0","0","0","0","0","0","0","0","0","0","0","0","0","0","0","0","0","0","0","0","0","0","0","0","0","0","0","0","0","0","0","0","0","0","0","0","0","0","0","0","0","0","0","0","0","0","0","0","0","0","0","0","0","0","0","0","0","0","0","0"
1,"F4","0",NA,NA,NA,NA,"0",NA,NA,NA,NA,"","0","0","0","0","0","0","0","0","0","0","0","0","0","0","0","0","0","0","0","0","0","0","0","0","0","0","0","0","0","0","0","0","0","0","0","0","0","0","0","0","0","0","0","0","0","0","0","0","0","0","0","0","0","0","0","0","0","0","0","0","0","0","0","0","0","0","0","0","0","0","0","0","0","0","0","0","0","0","0","0","0","0","0","0","0","0","0","0","0","0","0","0","0","0","0","0","0","0","0","0","0","0","0","0","0","0","0","0","0","0","0","0","0","0","0","0","0","0","0","0","0","0","0","0","0","0","0","0","0","0","0","0","0","0","0","0","0","0","0","0","0","0","0","0","0","0","0","0","0","0","0","0","0","0","0","0","0","0","0","0","0","0","0","0","0","0","0","0","0","0","0","0","0","0","0","0","0","0","0","0","0","0","0","0","0","0","0","0","0","0","0","0","0","0","0","0","0","0","0","0","0"
1,"F5","0",NA,NA,NA,NA,"0",NA,NA,NA,NA,"","0","0","0","0","0","0","0","0","0","0","0","0","0","0","0","0","0","0","0","0","0","0","0","0","0","0","0","0","0","0","0","0","0","0","0","0","0","0","0","0","0","0","0","0","0","0","0","0","0","0","0","0","0","0","0","0","0","0","0","0","0","0","0","0","0","0","0","0","0","0","0","0","0","0","0","0","0","0","0","0","0","0","0","0","0","0","0","0","0","0","0","0","0","0","0","0","0","0","0","0","0","0","0","0","0","0","0","0","0","0","0","0","0","0","0","0","0","0","0","0","0","0","0","0","0","0","0","0","0","0","0","0","0","0","0","0","0","0","0","0","0","0","0","0","0","0","0","0","0","0","0","0","0","0","0","0","0","0","0","0","0","0","0","0","0","0","0","0","0","0","0","0","0","0","0","0","0","0","0","0","0","0","0","0","0","0","0","0","0","0","0","0","0","0","0","0","0","0","0","0","0"
1,"F6","0",NA,NA,NA,NA,"0",NA,NA,NA,NA,"","0","0","0","0","0","0","0","0","0","0","0","0","0","0","0","0","0","0","0","0","0","0","0","0","0","0","0","0","0","0","0","0","0","0","0","0","0","0","0","0","0","0","0","0","0","0","0","0","0","0","0","0","0","0","0","0","0","0","0","0","0","0","0","0","0","0","0","0","0","0","0","0","0","0","0","0","0","0","0","0","0","0","0","0","0","0","0","0","0","0","0","0","0","0","0","0","0","0","0","0","0","0","0","0","0","0","0","0","0","0","0","0","0","0","0","0","0","0","0","0","0","0","0","0","0","0","0","0","0","0","0","0","0","0","0","0","0","0","0","0","0","0","0","0","0","0","0","0","0","0","0","0","0","0","0","0","0","0","0","0","0","0","0","0","0","0","0","0","0","0","0","0","0","0","0","0","0","0","0","0","0","0","0","0","0","0","0","0","0","0","0","0","0","0","0","0","0","0","0","0","0"
1,"F7","0",NA,NA,NA,NA,"0",NA,NA,NA,NA,"","0","0","0","0","0","0","0","0","0","0","0","0","0","0","0","0","0","0","0","0","0","0","0","0","0","0","0","0","0","0","0","0","0","0","0","0","0","0","0","0","0","0","0","0","0","0","0","0","0","0","0","0","0","0","0","0","0","0","0","0","0","0","0","0","0","0","0","0","0","0","0","0","0","0","0","0","0","0","0","0","0","0","0","0","0","0","0","0","0","0","0","0","0","0","0","0","0","0","0","0","0","0","0","0","0","0","0","0","0","0","0","0","0","0","0","0","0","0","0","0","0","0","0","0","0","0","0","0","0","0","0","0","0","0","0","0","0","0","0","0","0","0","0","0","0","0","0","0","0","0","0","0","0","0","0","0","0","0","0","0","0","0","0","0","0","0","0","0","0","0","0","0","0","0","0","0","0","0","0","0","0","0","0","0","0","0","0","0","0","0","0","0","0","0","0","0","0","0","0","0","0"
1,"F8","0",NA,NA,NA,NA,"0",NA,NA,NA,NA,"","0","0","0","0","0","0","0","0","0","0","0","0","0","0","0","0","0","0","0","0","0","0","0","0","0","0","0","0","0","0","0","0","0","0","0","0","0","0","0","0","0","0","0","0","0","0","0","0","0","0","0","0","0","0","0","0","0","0","0","0","0","0","0","0","0","0","0","0","0","0","0","0","0","0","0","0","0","0","0","0","0","0","0","0","0","0","0","0","0","0","0","0","0","0","0","0","0","0","0","0","0","0","0","0","0","0","0","0","0","0","0","0","0","0","0","0","0","0","0","0","0","0","0","0","0","0","0","0","0","0","0","0","0","0","0","0","0","0","0","0","0","0","0","0","0","0","0","0","0","0","0","0","0","0","0","0","0","0","0","0","0","0","0","0","0","0","0","0","0","0","0","0","0","0","0","0","0","0","0","0","0","0","0","0","0","0","0","0","0","0","0","0","0","0","0","0","0","0","0","0","0"
