"recording time (s): [0.01 ,50]"
" "
"Spike statistics for wells"
"","treatment","nAE","nspikes_by_well","meanfiringrate_by_well","meanfiringrate_by_all_ectctordes","meanfiringrate_by_active_electordes","sdfiringrate_by_active_electordes","meanisis","sdisis"
"A1",NA,NA,NA,NA,NA,NA,NA,NA,NA
"A2",NA,NA,NA,NA,NA,NA,NA,NA,NA
"A3",NA,NA,NA,NA,NA,NA,NA,NA,NA
"A4",NA,NA,NA,NA,NA,NA,NA,NA,NA
"A5",NA,NA,NA,NA,NA,NA,NA,NA,NA
"A6",NA,NA,NA,NA,NA,NA,NA,NA,NA
"A7",NA,NA,NA,NA,NA,NA,NA,NA,NA
"A8",NA,NA,NA,NA,NA,NA,NA,NA,NA
"B1",NA,NA,NA,NA,NA,NA,NA,NA,NA
"B2","treatX","13","5303","105.957602572874","6.6223501608046","8.15058481329797","7.26208760190432","0.0678302759924386","0.765112128030085"
"B3","treatX","16","8315","166.139442842437","10.3837151776523","10.3837151776523","10.6934065931373","0.0382887094830702","0.279820403420932"
"B4",NA,NA,NA,NA,NA,NA,NA,NA,NA
"B5","untreated","10","521","10.4099398341443","0.650621239634018","1.04099398341443","0.858495666533505","0.159605636007828","0.442483034599707"
"B6","treatY","12","2894","57.8241187716191","3.61400742322619","4.81867656430159","5.10990885960835","0.170823122831367","0.78971055228489"
"B7","treatY","12","2381","47.5740244627592","2.97337652892245","3.96450203856327","4.01430160867985","0.238391523849726","0.660185135549944"
"B8",NA,NA,NA,NA,NA,NA,NA,NA,NA
"C1",NA,NA,NA,NA,NA,NA,NA,NA,NA
"C2","treatX","14","2658","53.1086757757303","3.31929223598315","3.79347684112359","3.39130526918442","0.108318335854766","1.22568350780869"
"C3","treatX","13","5416","108.215420617515","6.7634637885947","8.32426312442425","6.88600589745153","0.0717442754025541","0.667887842258015"
"C4",NA,NA,NA,NA,NA,NA,NA,NA,NA
"C5",NA,NA,NA,NA,NA,NA,NA,NA,NA
"C6","treatY","10","2081","41.5798172645955","2.59873857903722","4.15798172645955","2.70930519409603","0.22911439884114","1.06114385958684"
"C7","treatY","13","2021","40.3809758249628","2.52381098906017","3.10622890961252","3.70761277554831","0.267044940239044","1.11129036887721"
"C8",NA,NA,NA,NA,NA,NA,NA,NA,NA
"D1",NA,NA,NA,NA,NA,NA,NA,NA,NA
"D2","treatX","14","9489","189.596773677918","11.8497983548699","13.5426266912798","10.0740829094226","0.0503020073878628","0.599292976449062"
"D3","treatX","15","7326","146.378539779157","9.14865873619734","9.75856931861049","7.47146090015917","0.0341866228970045","0.47196413836668"
"D4",NA,NA,NA,NA,NA,NA,NA,NA,NA
"D5",NA,NA,NA,NA,NA,NA,NA,NA,NA
"D6","treatY","13","3053","61.0010485866459","3.81256553666537","4.69238835281891","4.32139002328544","0.171621421052632","1.23384813935776"
"D7","treatY","12","3396","67.854425483213","4.24090159270081","5.65453545693442","9.11302313438966","0.158271631205674","0.666055313802965"
"D8",NA,NA,NA,NA,NA,NA,NA,NA,NA
"E1",NA,NA,NA,NA,NA,NA,NA,NA,NA
"E2","treatX","15","5203","103.959533506819","6.49747084417619","6.93063556712127","7.7564496539708","0.110678565921357","1.07580843675674"
"E3","treatX","15","6531","130.493890704024","8.15586816900148","8.69959271360158","9.3330292804424","0.0828146224677716","0.820195705896437"
"E4","untreated","15","7548","150.814253105799","9.42589081911241","10.0542835403866","11.4724421062358","0.0938737289260587","0.934450230551282"
"E5","untreated","12","1615","32.2688154167812","2.01680096354883","2.68906795139844","2.88205236733199","0.0367727011852776","0.134297141520591"
"E6","treatY","13","4290","85.7171629337408","5.3573226833588","6.59362791798006","8.76531211891384","0.125721449614216","0.759619944326054"
"E7","treatY","14","3975","79.423245375669","4.96395283597931","5.67308895540492","6.25537987478743","0.163852279727342","0.671452630621674"
"E8",NA,NA,NA,NA,NA,NA,NA,NA,NA
"F1",NA,NA,NA,NA,NA,NA,NA,NA,NA
"F2",NA,NA,NA,NA,NA,NA,NA,NA,NA
"F3",NA,NA,NA,NA,NA,NA,NA,NA,NA
"F4",NA,NA,NA,NA,NA,NA,NA,NA,NA
"F5",NA,NA,NA,NA,NA,NA,NA,NA,NA
"F6",NA,NA,NA,NA,NA,NA,NA,NA,NA
"F7",NA,NA,NA,NA,NA,NA,NA,NA,NA
"F8",NA,NA,NA,NA,NA,NA,NA,NA,NA
" "
"Spike statistics for electrodes"
"electrode","nspikes","meanfiringrate","meanisis","sdisis"
"A1_11",NA,NA,NA,NA
"A1_12",NA,NA,NA,NA
"A1_13",NA,NA,NA,NA
"A1_14",NA,NA,NA,NA
"A1_21",NA,NA,NA,NA
"A1_22",NA,NA,NA,NA
"A1_23",NA,NA,NA,NA
"A1_24",NA,NA,NA,NA
"A1_31",NA,NA,NA,NA
"A1_32",NA,NA,NA,NA
"A1_33",NA,NA,NA,NA
"A1_34",NA,NA,NA,NA
"A1_41",NA,NA,NA,NA
"A1_42",NA,NA,NA,NA
"A1_43",NA,NA,NA,NA
"A1_44",NA,NA,NA,NA
"A2_11",NA,NA,NA,NA
"A2_12",NA,NA,NA,NA
"A2_13",NA,NA,NA,NA
"A2_14",NA,NA,NA,NA
"A2_21",NA,NA,NA,NA
"A2_22",NA,NA,NA,NA
"A2_23",NA,NA,NA,NA
"A2_24",NA,NA,NA,NA
"A2_31",NA,NA,NA,NA
"A2_32",NA,NA,NA,NA
"A2_33",NA,NA,NA,NA
"A2_34",NA,NA,NA,NA
"A2_41",NA,NA,NA,NA
"A2_42",NA,NA,NA,NA
"A2_43",NA,NA,NA,NA
"A2_44",NA,NA,NA,NA
"A3_11",NA,NA,NA,NA
"A3_12",NA,NA,NA,NA
"A3_13",NA,NA,NA,NA
"A3_14",NA,NA,NA,NA
"A3_21",NA,NA,NA,NA
"A3_22",NA,NA,NA,NA
"A3_23",NA,NA,NA,NA
"A3_24",NA,NA,NA,NA
"A3_31",NA,NA,NA,NA
"A3_32",NA,NA,NA,NA
"A3_33",NA,NA,NA,NA
"A3_34",NA,NA,NA,NA
"A3_41",NA,NA,NA,NA
"A3_42",NA,NA,NA,NA
"A3_43",NA,NA,NA,NA
"A3_44",NA,NA,NA,NA
"A4_11",NA,NA,NA,NA
"A4_12",NA,NA,NA,NA
"A4_13",NA,NA,NA,NA
"A4_14",NA,NA,NA,NA
"A4_21",NA,NA,NA,NA
"A4_22",NA,NA,NA,NA
"A4_23",NA,NA,NA,NA
"A4_24",NA,NA,NA,NA
"A4_31",NA,NA,NA,NA
"A4_32",NA,NA,NA,NA
"A4_33",NA,NA,NA,NA
"A4_34",NA,NA,NA,NA
"A4_41",NA,NA,NA,NA
"A4_42",NA,NA,NA,NA
"A4_43",NA,NA,NA,NA
"A4_44",NA,NA,NA,NA
"A5_11",NA,NA,NA,NA
"A5_12",NA,NA,NA,NA
"A5_13",NA,NA,NA,NA
"A5_14",NA,NA,NA,NA
"A5_21",NA,NA,NA,NA
"A5_22",NA,NA,NA,NA
"A5_23",NA,NA,NA,NA
"A5_24",NA,NA,NA,NA
"A5_31",NA,NA,NA,NA
"A5_32",NA,NA,NA,NA
"A5_33",NA,NA,NA,NA
"A5_34",NA,NA,NA,NA
"A5_41",NA,NA,NA,NA
"A5_42",NA,NA,NA,NA
"A5_43",NA,NA,NA,NA
"A5_44",NA,NA,NA,NA
"A6_11",NA,NA,NA,NA
"A6_12",NA,NA,NA,NA
"A6_13",NA,NA,NA,NA
"A6_14",NA,NA,NA,NA
"A6_21",NA,NA,NA,NA
"A6_22",NA,NA,NA,NA
"A6_23",NA,NA,NA,NA
"A6_24",NA,NA,NA,NA
"A6_31",NA,NA,NA,NA
"A6_32",NA,NA,NA,NA
"A6_33",NA,NA,NA,NA
"A6_34",NA,NA,NA,NA
"A6_41",NA,NA,NA,NA
"A6_42",NA,NA,NA,NA
"A6_43",NA,NA,NA,NA
"A6_44",NA,NA,NA,NA
"A7_11",NA,NA,NA,NA
"A7_12",NA,NA,NA,NA
"A7_13",NA,NA,NA,NA
"A7_14",NA,NA,NA,NA
"A7_21",NA,NA,NA,NA
"A7_22",NA,NA,NA,NA
"A7_23",NA,NA,NA,NA
"A7_24",NA,NA,NA,NA
"A7_31",NA,NA,NA,NA
"A7_32",NA,NA,NA,NA
"A7_33",NA,NA,NA,NA
"A7_34",NA,NA,NA,NA
"A7_41",NA,NA,NA,NA
"A7_42",NA,NA,NA,NA
"A7_43",NA,NA,NA,NA
"A7_44",NA,NA,NA,NA
"A8_11",NA,NA,NA,NA
"A8_12",NA,NA,NA,NA
"A8_13",NA,NA,NA,NA
"A8_14",NA,NA,NA,NA
"A8_21",NA,NA,NA,NA
"A8_22",NA,NA,NA,NA
"A8_23",NA,NA,NA,NA
"A8_24",NA,NA,NA,NA
"A8_31",NA,NA,NA,NA
"A8_32",NA,NA,NA,NA
"A8_33",NA,NA,NA,NA
"A8_34",NA,NA,NA,NA
"A8_41",NA,NA,NA,NA
"A8_42",NA,NA,NA,NA
"A8_43",NA,NA,NA,NA
"A8_44",NA,NA,NA,NA
"B1_11",NA,NA,NA,NA
"B1_12",NA,NA,NA,NA
"B1_13",NA,NA,NA,NA
"B1_14",NA,NA,NA,NA
"B1_21",NA,NA,NA,NA
"B1_22",NA,NA,NA,NA
"B1_23",NA,NA,NA,NA
"B1_24",NA,NA,NA,NA
"B1_31",NA,NA,NA,NA
"B1_32",NA,NA,NA,NA
"B1_33",NA,NA,NA,NA
"B1_34",NA,NA,NA,NA
"B1_41",NA,NA,NA,NA
"B1_42",NA,NA,NA,NA
"B1_43",NA,NA,NA,NA
"B1_44",NA,NA,NA,NA
"B2_11","113","2.25781804464166","0.230965","1.65090800638714"
"B2_12","903","18.0425636664727","0.0328245676274945","0.528935479938552"
"B2_13","867","17.3232588026931","0.0462499769053118","0.443849871126702"
"B2_14","269","5.37480578768678","0.109810746268657","0.959311804289736"
"B2_21","109","2.17789528199948","0.247748148148148","1.64895322813247"
"B2_22","669","13.367082051905","0.0443146107784431","0.613695551408993"
"B2_23","319","6.37384032071406","0.0913320754716981","0.901520974429532"
"B2_24",NA,NA,NA,NA
"B2_31","44","0.879150389064008","0.648561860465116","2.65453063879497"
"B2_32","854","17.063509824106","0.0408322626025791","0.391921927391297"
"B2_33","870","17.3832008746747","0.0338834522439586","0.54189088588022"
"B2_34",NA,NA,NA,NA
"B2_41","85","1.69835870614638","0.331446666666667","1.96645287162967"
"B2_42",NA,NA,NA,NA
"B2_43","2","0.0399613813210913","0.0131199999999989",NA
"B2_44","199","3.97615744144858","0.143659393939394","1.21513471366969"
"B3_11","1554","31.0499932864879","0.0133876110753381","0.104103019693486"
"B3_12","187","3.73638915352204","0.154191827956989","0.705072248024228"
"B3_13","67","1.33870627425656","0.312419393939394","0.950211015871056"
"B3_14","1235","24.6761529657739","0.0169091085899514","0.10828998384051"
"B3_21","302","6.03416857948479","0.0688470431893688","0.306595078261586"
"B3_22","186","3.71640846286149","0.163033945945946","0.725573355220978"
"B3_23","1412","28.2127352126905","0.0147478951098512","0.10471518539599"
"B3_24","285","5.69449683825551","0.0726819718309859","0.328405771272804"
"B3_31","180","3.59652431889822","0.111419441340782","0.431166731041472"
"B3_32","956","19.1015402714816","0.0217794345549738","0.14040934101748"
"B3_33","1022","20.4202658550777","0.0203618413320274","0.129054896012671"
"B3_34","38","0.759266245100735","0.530021621621622","1.54260232578572"
"B3_41","1","0.0199806906605456","NaN",NA
"B3_42","272","5.43474785966842","0.0739870110701107","0.338326975427284"
"B3_43","609","12.1682406122723","0.0334094736842105","0.187239414245077"
"B3_44","9","0.179826215944911","1.61994","2.55996981330417"
"B4_11",NA,NA,NA,NA
"B4_12",NA,NA,NA,NA
"B4_13",NA,NA,NA,NA
"B4_14",NA,NA,NA,NA
"B4_21",NA,NA,NA,NA
"B4_22",NA,NA,NA,NA
"B4_23",NA,NA,NA,NA
"B4_24",NA,NA,NA,NA
"B4_31",NA,NA,NA,NA
"B4_32",NA,NA,NA,NA
"B4_33",NA,NA,NA,NA
"B4_34",NA,NA,NA,NA
"B4_41",NA,NA,NA,NA
"B4_42",NA,NA,NA,NA
"B4_43",NA,NA,NA,NA
"B4_44",NA,NA,NA,NA
"B5_11","86","1.71833939680693","0.101054117647059","0.131857686733464"
"B5_12",NA,NA,NA,NA
"B5_13","103","2.0580111380362","0.0838086274509804","0.0745120120562564"
"B5_14",NA,NA,NA,NA
"B5_21","22","0.439575194532004","0.396022857142857","0.966614634159564"
"B5_22",NA,NA,NA,NA
"B5_23","107","2.13793390067838","0.0808679245283019","0.0922321475482691"
"B5_24",NA,NA,NA,NA
"B5_31","17","0.339671741229276","0.521325","0.812270329237748"
"B5_32","5","0.0999034533027282","1.54486","2.90610961197268"
"B5_33",NA,NA,NA,NA
"B5_34","104","2.07799182869675","0.0823238834951456","0.0962386428464547"
"B5_41","11","0.219787597266002","0.833128","1.03837463036977"
"B5_42","19","0.379633122550367","0.437555555555555","0.714873065015718"
"B5_43",NA,NA,NA,NA
"B5_44","47","0.939092461045645","0.180970434782609","0.321178875899788"
"B6_11",NA,NA,NA,NA
"B6_12","22","0.439575194532004","1.63408761904762","2.70828801291499"
"B6_13","123","2.45762495124711","0.377080655737705","0.695473776351744"
"B6_14",NA,NA,NA,NA
"B6_21","17","0.339671741229276","2.143855","5.53346088177252"
"B6_22","772","15.4250931899412","0.0604873670557717","0.238426581111379"
"B6_23",NA,NA,NA,NA
"B6_24","435","8.69160043733736","0.106567004608295","0.44271979428734"
"B6_31",NA,NA,NA,NA
"B6_32","587","11.7286654177403","0.0819500341296928","0.22630652829074"
"B6_33","9","0.179826215944911","4.00953","3.93842707409225"
"B6_34","48","0.959073151706191","0.759392340425532","1.59892891059067"
"B6_41","4","0.0799227626421826","9.65458666666667","2.1878914625121"
"B6_42","202","4.03609951343022","0.22843223880597","0.597711060532983"
"B6_43","356","7.11312587515425","0.130774309859155","0.455537415311105"
"B6_44","319","6.37384032071406","0.150034968553459","0.432601633316503"
"B7_11","152","3.03706498040294","0.329833642384106","0.453149388455924"
"B7_12","12","0.239768287926548","2.94010909090909","3.26873298027678"
"B7_13","284","5.67451614759496","0.175354346289753","0.290550051638146"
"B7_14","623","12.4479702815199","0.0769045659163987","0.213340863353794"
"B7_21","36","0.719304863779643","1.32813257142857","1.25866219562991"
"B7_22","172","3.43667879361385","0.284757426900585","0.428509030452361"
"B7_23","103","2.0580111380362","0.468310588235294","0.78556178587012"
"B7_24","558","11.1492253885845","0.0893193536804309","0.16091844956267"
"B7_31",NA,NA,NA,NA
"B7_32","113","2.25781804464166","0.433751428571429","0.762370311805402"
"B7_33",NA,NA,NA,NA
"B7_34","228","4.55559747060441","0.210725991189427","0.462448505516249"
"B7_41","80","1.59845525284365","0.613740759493671","0.692133593888607"
"B7_42",NA,NA,NA,NA
"B7_43","20","0.399613813210913","2.50243789473684","3.79160568801893"
"B7_44",NA,NA,NA,NA
"B8_11",NA,NA,NA,NA
"B8_12",NA,NA,NA,NA
"B8_13",NA,NA,NA,NA
"B8_14",NA,NA,NA,NA
"B8_21",NA,NA,NA,NA
"B8_22",NA,NA,NA,NA
"B8_23",NA,NA,NA,NA
"B8_24",NA,NA,NA,NA
"B8_31",NA,NA,NA,NA
"B8_32",NA,NA,NA,NA
"B8_33",NA,NA,NA,NA
"B8_34",NA,NA,NA,NA
"B8_41",NA,NA,NA,NA
"B8_42",NA,NA,NA,NA
"B8_43",NA,NA,NA,NA
"B8_44",NA,NA,NA,NA
"C1_11",NA,NA,NA,NA
"C1_12",NA,NA,NA,NA
"C1_13",NA,NA,NA,NA
"C1_14",NA,NA,NA,NA
"C1_21",NA,NA,NA,NA
"C1_22",NA,NA,NA,NA
"C1_23",NA,NA,NA,NA
"C1_24",NA,NA,NA,NA
"C1_31",NA,NA,NA,NA
"C1_32",NA,NA,NA,NA
"C1_33",NA,NA,NA,NA
"C1_34",NA,NA,NA,NA
"C1_41",NA,NA,NA,NA
"C1_42",NA,NA,NA,NA
"C1_43",NA,NA,NA,NA
"C1_44",NA,NA,NA,NA
"C2_11","335","6.69353137128279","0.069794251497006","0.90157955110054"
"C2_12","458","9.15115632252991","0.0514690590809628","0.616953801878199"
"C2_13","134","2.67741254851312","0.163254736842105","1.49970980395682"
"C2_14","461","9.21109839451154","0.0522398260869565","0.757712293891089"
"C2_21",NA,NA,NA,NA
"C2_22","262","5.23494095306296","0.0868738697318008","1.02669218234055"
"C2_23","1","0.0199806906605456","NaN",NA
"C2_24","97","1.93812699407293","0.235960833333333","1.79735691079732"
"C2_31","257","5.13503749976023","0.0887478125","1.03231798251822"
"C2_32","2","0.0399613813210913","19.9064",NA
"C2_33","340","6.79343482458552","0.0650199410029499","0.947353617797411"
"C2_34","4","0.0799227626421826","6.64304","11.4829426004313"
"C2_41","9","0.179826215944911","2.49138","7.02212185781884"
"C2_42",NA,NA,NA,NA
"C2_43","255","5.09507611843914","0.0908258267716536","1.04420255469385"
"C2_44","43","0.859169698403463","0.497476190476191","2.90892937436418"
"C3_11","319","6.37384032071406","0.096177358490566","0.718049477131906"
"C3_12","506","10.1102294742361","0.0606821386138614","0.554018166636863"
"C3_13","91","1.81824285010965","0.326461333333333","1.54016752254108"
"C3_14","945","18.8817526742156","0.032324406779661","0.405268016087747"
"C3_21","884","17.6629305439224","0.0347367610419026","0.419788382738272"
"C3_22",NA,NA,NA,NA
"C3_23","26","0.519497957174187","1.1917024","2.64533553002463"
"C3_24","916","18.3023126450598","0.0335084590163934","0.413832303383859"
"C3_31","3","0.0599420719816369","12.22964","6.63577287736703"
"C3_32","434","8.67161974667681","0.0704522863741339","0.619527240187129"
"C3_33","371","7.41283623506243","0.0827238918918919","0.64415793002499"
"C3_34","39","0.77924693576128","0.772528421052632","2.22835229360235"
"C3_41","647","12.927506857373","0.047445572755418","0.489196651383219"
"C3_42","235","4.69546230522823","0.127373675213675","0.897564293999027"
"C3_43",NA,NA,NA,NA
"C3_44",NA,NA,NA,NA
"C4_11",NA,NA,NA,NA
"C4_12",NA,NA,NA,NA
"C4_13",NA,NA,NA,NA
"C4_14",NA,NA,NA,NA
"C4_21",NA,NA,NA,NA
"C4_22",NA,NA,NA,NA
"C4_23",NA,NA,NA,NA
"C4_24",NA,NA,NA,NA
"C4_31",NA,NA,NA,NA
"C4_32",NA,NA,NA,NA
"C4_33",NA,NA,NA,NA
"C4_34",NA,NA,NA,NA
"C4_41",NA,NA,NA,NA
"C4_42",NA,NA,NA,NA
"C4_43",NA,NA,NA,NA
"C4_44",NA,NA,NA,NA
"C5_11",NA,NA,NA,NA
"C5_12",NA,NA,NA,NA
"C5_13",NA,NA,NA,NA
"C5_14",NA,NA,NA,NA
"C5_21",NA,NA,NA,NA
"C5_22",NA,NA,NA,NA
"C5_23",NA,NA,NA,NA
"C5_24",NA,NA,NA,NA
"C5_31",NA,NA,NA,NA
"C5_32",NA,NA,NA,NA
"C5_33",NA,NA,NA,NA
"C5_34",NA,NA,NA,NA
"C5_41",NA,NA,NA,NA
"C5_42",NA,NA,NA,NA
"C5_43",NA,NA,NA,NA
"C5_44",NA,NA,NA,NA
"C6_11","10","0.199806906605456","5.10997333333333","11.5248778193957"
"C6_12","369","7.37287485374134","0.130827391304348","0.411334386226533"
"C6_13","81","1.6184359435042","0.566496","1.48300123515709"
"C6_14",NA,NA,NA,NA
"C6_21","399","7.97229557355771","0.123853668341709","0.428044076289416"
"C6_22","239","4.77538506787041","0.197783193277311","0.763801033954477"
"C6_23",NA,NA,NA,NA
"C6_24",NA,NA,NA,NA
"C6_31","277","5.53465131297114","0.178169565217391","0.524867083851098"
"C6_32",NA,NA,NA,NA
"C6_33",NA,NA,NA,NA
"C6_34",NA,NA,NA,NA
"C6_41","269","5.37480578768678","0.184775820895522","0.492635060692667"
"C6_42","223","4.45569401730168","0.221504864864865","0.577179346304648"
"C6_43","13","0.259748978587093","3.65303333333333","3.44251287913438"
"C6_44","201","4.01611882276968","0.2348532","0.720342190277111"
"C7_11","422","8.43185145875026","0.113912399049881","0.262361774050719"
"C7_12","476","9.51080875441973","0.104304505263158","0.311175690440998"
"C7_13","143","2.85723876445803","0.322101971830986","0.576485888376111"
"C7_14","4","0.0799227626421826","6.25472","9.18272558544575"
"C7_21","60","1.19884143963274","0.79632","1.1056642697024"
"C7_22",NA,NA,NA,NA
"C7_23","167","3.33677534031112","0.297415421686747","0.446727455148842"
"C7_24","4","0.0799227626421826","9.51658666666667","8.8582434962544"
"C7_31",NA,NA,NA,NA
"C7_32","7","0.13986483462382","6.09273333333333","8.93191808584621"
"C7_33",NA,NA,NA,NA
"C7_34","496","9.91042256763064","0.0988622222222222","0.205470594527038"
"C7_41","29","0.579440029155824","1.56809142857143","1.91945434477404"
"C7_42","4","0.0799227626421826","11.1394666666667","11.881015652028"
"C7_43","136","2.71737392983421","0.340918518518519","0.455890401267605"
"C7_44","73","1.45859041821983","0.562167777777778","0.976139359541298"
"C8_11",NA,NA,NA,NA
"C8_12",NA,NA,NA,NA
"C8_13",NA,NA,NA,NA
"C8_14",NA,NA,NA,NA
"C8_21",NA,NA,NA,NA
"C8_22",NA,NA,NA,NA
"C8_23",NA,NA,NA,NA
"C8_24",NA,NA,NA,NA
"C8_31",NA,NA,NA,NA
"C8_32",NA,NA,NA,NA
"C8_33",NA,NA,NA,NA
"C8_34",NA,NA,NA,NA
"C8_41",NA,NA,NA,NA
"C8_42",NA,NA,NA,NA
"C8_43",NA,NA,NA,NA
"C8_44",NA,NA,NA,NA
"D1_11",NA,NA,NA,NA
"D1_12",NA,NA,NA,NA
"D1_13",NA,NA,NA,NA
"D1_14",NA,NA,NA,NA
"D1_21",NA,NA,NA,NA
"D1_22",NA,NA,NA,NA
"D1_23",NA,NA,NA,NA
"D1_24",NA,NA,NA,NA
"D1_31",NA,NA,NA,NA
"D1_32",NA,NA,NA,NA
"D1_33",NA,NA,NA,NA
"D1_34",NA,NA,NA,NA
"D1_41",NA,NA,NA,NA
"D1_42",NA,NA,NA,NA
"D1_43",NA,NA,NA,NA
"D1_44",NA,NA,NA,NA
"D2_11","1442","28.8121559325068","0.0274597640527412","0.439381647227353"
"D2_12","1531","30.5904374012954","0.0258572549019608","0.426001569207455"
"D2_13","1162","23.217562547554","0.0340500947459087","0.489581440045799"
"D2_14","613","12.2481633749145","0.0644771241830065","0.672202826963927"
"D2_21","746","14.9055952327671","0.0595270872483222","0.52815489733582"
"D2_22","1","0.0199806906605456","NaN",NA
"D2_23",NA,NA,NA,NA
"D2_24",NA,NA,NA,NA
"D2_31","187","3.73638915352204","0.212715698924731","1.27017256034007"
"D2_32","2","0.0399613813210913","0.0108000000000033",NA
"D2_33","596","11.9084916336852","0.0664149243697479","0.699965611655883"
"D2_34","702","14.026444843703","0.0562228815977175","0.635076468246349"
"D2_41","769","15.3651511179596","0.0514436458333333","0.600922773133231"
"D2_42","1075","21.4792424600866","0.0368445437616387","0.512860031973745"
"D2_43","31","0.619401410476915","1.23495466666667","3.37893805332256"
"D2_44","632","12.6277964974648","0.0626103328050713","0.659130839408063"
"D3_11",NA,NA,NA,NA
"D3_12","7","0.13986483462382","0.95848","1.37558291260105"
"D3_13","1005","20.0805941138484","0.0113996015936255","0.0155995459657525"
"D3_14","535","10.6896695033919","0.0208759550561798","0.0324784490493447"
"D3_21","991","19.8008644446007","0.0422119595959596","0.805766621111015"
"D3_22","426","8.51177422139245","0.0268385882352941","0.115809613581957"
"D3_23","207","4.13600296673295","0.0553219417475728","0.174494753707191"
"D3_24","196","3.91621536946695","0.0573887179487179","0.134355960736624"
"D3_31","1024","20.4602272363987","0.0384189247311828","0.683556071744523"
"D3_32","468","9.35096322913536","0.0839707066381156","0.915707900518166"
"D3_33","733","14.64584625418","0.0156334426229508","0.0377142427298335"
"D3_34","7","0.13986483462382","1.61601333333333","2.59752020643279"
"D3_41","942","18.821810602234","0.0125419766206164","0.0319427792913324"
"D3_42","34","0.679343482458552","0.34534303030303","0.636291476214345"
"D3_43","473","9.45086668243809","0.0243562711864407","0.0626628641543635"
"D3_44","278","5.55463200363169","0.0413721299638989","0.237031196558989"
"D4_11",NA,NA,NA,NA
"D4_12",NA,NA,NA,NA
"D4_13",NA,NA,NA,NA
"D4_14",NA,NA,NA,NA
"D4_21",NA,NA,NA,NA
"D4_22",NA,NA,NA,NA
"D4_23",NA,NA,NA,NA
"D4_24",NA,NA,NA,NA
"D4_31",NA,NA,NA,NA
"D4_32",NA,NA,NA,NA
"D4_33",NA,NA,NA,NA
"D4_34",NA,NA,NA,NA
"D4_41",NA,NA,NA,NA
"D4_42",NA,NA,NA,NA
"D4_43",NA,NA,NA,NA
"D4_44",NA,NA,NA,NA
"D5_11",NA,NA,NA,NA
"D5_12",NA,NA,NA,NA
"D5_13",NA,NA,NA,NA
"D5_14",NA,NA,NA,NA
"D5_21",NA,NA,NA,NA
"D5_22",NA,NA,NA,NA
"D5_23",NA,NA,NA,NA
"D5_24",NA,NA,NA,NA
"D5_31",NA,NA,NA,NA
"D5_32",NA,NA,NA,NA
"D5_33",NA,NA,NA,NA
"D5_34",NA,NA,NA,NA
"D5_41",NA,NA,NA,NA
"D5_42",NA,NA,NA,NA
"D5_43",NA,NA,NA,NA
"D5_44",NA,NA,NA,NA
"D6_11",NA,NA,NA,NA
"D6_12","2","0.0399613813210913","49.34184",NA
"D6_13","320","6.39382101137461","0.156553730407524","0.363654497359619"
"D6_14","11","0.219787597266002","4.029512","8.62426928455687"
"D6_21",NA,NA,NA,NA
"D6_22","1","0.0199806906605456","NaN",NA
"D6_23","90","1.79826215944911","0.469201797752809","2.10264924926895"
"D6_24","563","11.2491288418872","0.0889814946619217","0.203933247208088"
"D6_31",NA,NA,NA,NA
"D6_32","626","12.5079123535016","0.07729472","0.350432518304935"
"D6_33","180","3.59652431889822","0.278455418994413","0.585716300421028"
"D6_34","375","7.49275899770462","0.125540320855615","0.792463440727695"
"D6_41","268","5.35482509702623","0.175717153558052","0.655287471837174"
"D6_42","419","8.37190938676863","0.119493014354067","0.455503478753828"
"D6_43","2","0.0399613813210913","1.89424",NA
"D6_44","196","3.91621536946695","0.238571076923077","1.32048684047217"
"D7_11","396","7.91235350157608","0.122478987341772","0.199191983323355"
"D7_12","43","0.859169698403463","0.904165714285714","1.14358565641868"
"D7_13",NA,NA,NA,NA
"D7_14","1664","33.247869259148","0.0298494768490679","0.0933202742866046"
"D7_21",NA,NA,NA,NA
"D7_22","67","1.33870627425656","0.690912727272727","0.682583248041068"
"D7_23","202","4.03609951343022","0.246778507462687","0.425956268083663"
"D7_24","29","0.579440029155824","1.41877428571429","2.65099123074877"
"D7_31","134","2.67741254851312","0.364532330827068","0.535719348600534"
"D7_32",NA,NA,NA,NA
"D7_33","214","4.27586780135677","0.222121690140845","0.714454191761398"
"D7_34",NA,NA,NA,NA
"D7_41","12","0.239768287926548","3.05681454545455","3.48894175411503"
"D7_42","7","0.13986483462382","5.98690666666667","9.23785235005337"
"D7_43","229","4.57557816126495","0.217884912280702","0.307281127051178"
"D7_44","399","7.97229557355771","0.124748944723618","0.249315838242138"
"D8_11",NA,NA,NA,NA
"D8_12",NA,NA,NA,NA
"D8_13",NA,NA,NA,NA
"D8_14",NA,NA,NA,NA
"D8_21",NA,NA,NA,NA
"D8_22",NA,NA,NA,NA
"D8_23",NA,NA,NA,NA
"D8_24",NA,NA,NA,NA
"D8_31",NA,NA,NA,NA
"D8_32",NA,NA,NA,NA
"D8_33",NA,NA,NA,NA
"D8_34",NA,NA,NA,NA
"D8_41",NA,NA,NA,NA
"D8_42",NA,NA,NA,NA
"D8_43",NA,NA,NA,NA
"D8_44",NA,NA,NA,NA
"E1_11",NA,NA,NA,NA
"E1_12",NA,NA,NA,NA
"E1_13",NA,NA,NA,NA
"E1_14",NA,NA,NA,NA
"E1_21",NA,NA,NA,NA
"E1_22",NA,NA,NA,NA
"E1_23",NA,NA,NA,NA
"E1_24",NA,NA,NA,NA
"E1_31",NA,NA,NA,NA
"E1_32",NA,NA,NA,NA
"E1_33",NA,NA,NA,NA
"E1_34",NA,NA,NA,NA
"E1_41",NA,NA,NA,NA
"E1_42",NA,NA,NA,NA
"E1_43",NA,NA,NA,NA
"E1_44",NA,NA,NA,NA
"E2_11","81","1.6184359435042","0.528554","2.28119646349837"
"E2_12","1","0.0199806906605456","NaN",NA
"E2_13","109","2.17789528199948","0.403342962962963","2.10178183347371"
"E2_14","749","14.9655373047487","0.0578173262032086","0.715795548669345"
"E2_21","463","9.25105977583264","0.0939615584415584","0.947971572194831"
"E2_22","292","5.83436167287933","0.144339793814433","1.20470727413642"
"E2_23",NA,NA,NA,NA
"E2_24","1407","28.1128317593877","0.0310198577524893","0.527635500390192"
"E2_31","155","3.09700705238458","0.274728831168831","1.64906533773535"
"E2_32","620","12.3880282095383","0.0702686914378029","0.770458342636755"
"E2_33","3","0.0599420719816369","11.73372","15.9027183718005"
"E2_34","521","10.4099398341443","0.0833029230769231","0.767366144967013"
"E2_41","61","1.21882213029328","0.671865333333333","2.6512241037126"
"E2_42","600","11.9884143963274","0.072735225375626","0.820118093503336"
"E2_43","104","2.07799182869675","0.386848932038835","2.16233545835167"
"E2_44","37","0.739285554440189","1.10459333333333","3.78549385806396"
"E3_11","343","6.85337689656716","0.109946198830409","0.686391417664994"
"E3_12","76","1.51853249020147","0.493584","1.92752071037074"
"E3_13","1486","29.6913063215708","0.0253625858585859","0.408784714862113"
"E3_14",NA,NA,NA,NA
"E3_21","69","1.37866765557765","0.601436470588235","2.04759529473482"
"E3_22","71","1.41862903689874","0.533180571428571","2.19823792210738"
"E3_23","526","10.509843287447","0.0717353142857143","0.70724272010111"
"E3_24","2","0.0399613813210913","19.28696",NA
"E3_31","597","11.9284723243458","0.0627734228187919","0.663550525106495"
"E3_32","134","2.67741254851312","0.272474586466165","1.43315557871248"
"E3_33","752","15.0254793767303","0.0501152596537949","0.582486543189826"
"E3_34","841","16.8037608455189","0.0448922857142857","0.545377487110947"
"E3_41","1238","24.7360950377555","0.0305596119644301","0.444504749521054"
"E3_42","85","1.69835870614638","0.435235238095238","2.02326227741625"
"E3_43","305","6.09411065146642","0.122988421052632","1.00135987285549"
"E3_44","6","0.119884143963274","6.283856","8.14074799440936"
"E4_11",NA,NA,NA,NA
"E4_12","2","0.0399613813210913","21.40624",NA
"E4_13","13","0.259748978587093","3.83927333333333","6.64712820263052"
"E4_14","147","2.93716152710021","0.341710684931507","1.58971842611141"
"E4_21","563","11.2491288418872","0.0887420640569395","0.805438812808215"
"E4_22","1639","32.7483519926343","0.0304614407814408","0.462892085407787"
"E4_23","531","10.6097467407497","0.0941283018867925","0.828661895616444"
"E4_24","1181","23.5971956701044","0.0423134915254237","0.554908645857596"
"E4_31","1607","32.1089698914969","0.0310712826899128","0.468770055128732"
"E4_32","312","6.23397548609024","0.160439871382637","1.07541227067216"
"E4_33","127","2.5375477138893","0.37928126984127","1.70161480698352"
"E4_34","88","1.75830077812802","0.538823908045977","2.66688554787919"
"E4_41","974","19.4611927033715","0.0512642137718397","0.606032979879791"
"E4_42","45","0.899131079724554","1.05654","3.63638081407938"
"E4_43","102","2.03803044737566","0.493394059405941","2.07469429870243"
"E4_44","217","4.33580987333841","0.229313333333333","1.53037469665317"
"E5_11","304","6.07412996080588","0.0200908250825082","0.0450002298041863"
"E5_12",NA,NA,NA,NA
"E5_13","1","0.0199806906605456","NaN",NA
"E5_14","458","9.15115632252991","0.0133204376367615","0.0294634789661795"
"E5_21","196","3.91621536946695","0.0311154871794872","0.060096923606389"
"E5_22","215","4.29584849201731","0.0283940186915888","0.0515461009916005"
"E5_23","6","0.119884143963274","0.0783360000000002","0.105051201230637"
"E5_24","113","2.25781804464166","0.0538464285714286","0.0800915369201334"
"E5_31","198","3.95617675078804","0.0307577664974619","0.0577540053128775"
"E5_32",NA,NA,NA,NA
"E5_33","80","1.59845525284365","0.0763351898734177","0.0975953643926032"
"E5_34",NA,NA,NA,NA
"E5_41","2","0.0399613813210913","4.16584",NA
"E5_42","14","0.279729669247639","0.465292307692308","0.517809761562324"
"E5_43",NA,NA,NA,NA
"E5_44","28","0.559459338495278","0.218554074074074","0.12267012510918"
"E6_11","208","4.15598365739349","0.21208231884058","0.481103390436757"
"E6_12","788","15.74478424051","0.062904498094028","0.21408057008789"
"E6_13","16","0.31969105056873","2.53210666666667","3.36236870447577"
"E6_14",NA,NA,NA,NA
"E6_21","19","0.379633122550367","2.61579555555556","3.92985875026844"
"E6_22","4","0.0799227626421826","7.71546666666667","6.17327130877409"
"E6_23","756","15.1054021393725","0.0662025960264901","0.213665232291859"
"E6_24","9","0.179826215944911","4.26662","3.22439394707639"
"E6_31","1318","26.3345502905992","0.0375302657555049","0.142875259527714"
"E6_32","6","0.119884143963274","7.287216","9.01613170416671"
"E6_33",NA,NA,NA,NA
"E6_34","7","0.13986483462382","6.76264","4.48252767692515"
"E6_41","795","15.8846490751338","0.062239395465995","0.208331722520747"
"E6_42","19","0.379633122550367","1.4928","3.16283199299392"
"E6_43","345","6.89333827788825","0.143162093023256","0.336067319863379"
"E6_44",NA,NA,NA,NA
"E7_11","149","2.9771229084213","0.336714594594595","0.707938871178639"
"E7_12",NA,NA,NA,NA
"E7_13","266","5.31486371570514","0.188643320754717","0.295631455928467"
"E7_14","7","0.13986483462382","5.35949333333333","6.73554611519116"
"E7_21","77","1.53851318086201","0.628227368421053","1.03343982561201"
"E7_22","18","0.359652431889822","2.62200470588235","3.7033300414055"
"E7_23","419","8.37190938676863","0.118637129186603","0.180043643393792"
"E7_24","655","13.0873523826574","0.0754218960244648","0.133503861623457"
"E7_31","660","13.1872558359601","0.0756208801213961","0.086812934596211"
"E7_32","10","0.199806906605456","4.03294222222222","5.4643879473958"
"E7_33","35","0.699324173119098","1.27913882352941","2.19958151894753"
"E7_34","981","19.6010575379953","0.0509551020408163","0.0685615535085027"
"E7_41","105","2.09797251935729","0.474237692307692","1.07287503596937"
"E7_42","59","1.17886074897219","0.819606896551724","1.15205082746395"
"E7_43","534","10.6696888127314","0.0926581613508443","0.142759005068654"
"E7_44",NA,NA,NA,NA
"E8_11",NA,NA,NA,NA
"E8_12",NA,NA,NA,NA
"E8_13",NA,NA,NA,NA
"E8_14",NA,NA,NA,NA
"E8_21",NA,NA,NA,NA
"E8_22",NA,NA,NA,NA
"E8_23",NA,NA,NA,NA
"E8_24",NA,NA,NA,NA
"E8_31",NA,NA,NA,NA
"E8_32",NA,NA,NA,NA
"E8_33",NA,NA,NA,NA
"E8_34",NA,NA,NA,NA
"E8_41",NA,NA,NA,NA
"E8_42",NA,NA,NA,NA
"E8_43",NA,NA,NA,NA
"E8_44",NA,NA,NA,NA
"F1_11",NA,NA,NA,NA
"F1_12",NA,NA,NA,NA
"F1_13",NA,NA,NA,NA
"F1_14",NA,NA,NA,NA
"F1_21",NA,NA,NA,NA
"F1_22",NA,NA,NA,NA
"F1_23",NA,NA,NA,NA
"F1_24",NA,NA,NA,NA
"F1_31",NA,NA,NA,NA
"F1_32",NA,NA,NA,NA
"F1_33",NA,NA,NA,NA
"F1_34",NA,NA,NA,NA
"F1_41",NA,NA,NA,NA
"F1_42",NA,NA,NA,NA
"F1_43",NA,NA,NA,NA
"F1_44",NA,NA,NA,NA
"F2_11",NA,NA,NA,NA
"F2_12",NA,NA,NA,NA
"F2_13",NA,NA,NA,NA
"F2_14",NA,NA,NA,NA
"F2_21",NA,NA,NA,NA
"F2_22",NA,NA,NA,NA
"F2_23",NA,NA,NA,NA
"F2_24",NA,NA,NA,NA
"F2_31",NA,NA,NA,NA
"F2_32",NA,NA,NA,NA
"F2_33",NA,NA,NA,NA
"F2_34",NA,NA,NA,NA
"F2_41",NA,NA,NA,NA
"F2_42",NA,NA,NA,NA
"F2_43",NA,NA,NA,NA
"F2_44",NA,NA,NA,NA
"F3_11",NA,NA,NA,NA
"F3_12",NA,NA,NA,NA
"F3_13",NA,NA,NA,NA
"F3_14",NA,NA,NA,NA
"F3_21",NA,NA,NA,NA
"F3_22",NA,NA,NA,NA
"F3_23",NA,NA,NA,NA
"F3_24",NA,NA,NA,NA
"F3_31",NA,NA,NA,NA
"F3_32",NA,NA,NA,NA
"F3_33",NA,NA,NA,NA
"F3_34",NA,NA,NA,NA
"F3_41",NA,NA,NA,NA
"F3_42",NA,NA,NA,NA
"F3_43",NA,NA,NA,NA
"F3_44",NA,NA,NA,NA
"F4_11",NA,NA,NA,NA
"F4_12",NA,NA,NA,NA
"F4_13",NA,NA,NA,NA
"F4_14",NA,NA,NA,NA
"F4_21",NA,NA,NA,NA
"F4_22",NA,NA,NA,NA
"F4_23",NA,NA,NA,NA
"F4_24",NA,NA,NA,NA
"F4_31",NA,NA,NA,NA
"F4_32",NA,NA,NA,NA
"F4_33",NA,NA,NA,NA
"F4_34",NA,NA,NA,NA
"F4_41",NA,NA,NA,NA
"F4_42",NA,NA,NA,NA
"F4_43",NA,NA,NA,NA
"F4_44",NA,NA,NA,NA
"F5_11",NA,NA,NA,NA
"F5_12",NA,NA,NA,NA
"F5_13",NA,NA,NA,NA
"F5_14",NA,NA,NA,NA
"F5_21",NA,NA,NA,NA
"F5_22",NA,NA,NA,NA
"F5_23",NA,NA,NA,NA
"F5_24",NA,NA,NA,NA
"F5_31",NA,NA,NA,NA
"F5_32",NA,NA,NA,NA
"F5_33",NA,NA,NA,NA
"F5_34",NA,NA,NA,NA
"F5_41",NA,NA,NA,NA
"F5_42",NA,NA,NA,NA
"F5_43",NA,NA,NA,NA
"F5_44",NA,NA,NA,NA
"F6_11",NA,NA,NA,NA
"F6_12",NA,NA,NA,NA
"F6_13",NA,NA,NA,NA
"F6_14",NA,NA,NA,NA
"F6_21",NA,NA,NA,NA
"F6_22",NA,NA,NA,NA
"F6_23",NA,NA,NA,NA
"F6_24",NA,NA,NA,NA
"F6_31",NA,NA,NA,NA
"F6_32",NA,NA,NA,NA
"F6_33",NA,NA,NA,NA
"F6_34",NA,NA,NA,NA
"F6_41",NA,NA,NA,NA
"F6_42",NA,NA,NA,NA
"F6_43",NA,NA,NA,NA
"F6_44",NA,NA,NA,NA
"F7_11",NA,NA,NA,NA
"F7_12",NA,NA,NA,NA
"F7_13",NA,NA,NA,NA
"F7_14",NA,NA,NA,NA
"F7_21",NA,NA,NA,NA
"F7_22",NA,NA,NA,NA
"F7_23",NA,NA,NA,NA
"F7_24",NA,NA,NA,NA
"F7_31",NA,NA,NA,NA
"F7_32",NA,NA,NA,NA
"F7_33",NA,NA,NA,NA
"F7_34",NA,NA,NA,NA
"F7_41",NA,NA,NA,NA
"F7_42",NA,NA,NA,NA
"F7_43",NA,NA,NA,NA
"F7_44",NA,NA,NA,NA
"F8_11",NA,NA,NA,NA
"F8_12",NA,NA,NA,NA
"F8_13",NA,NA,NA,NA
"F8_14",NA,NA,NA,NA
"F8_21",NA,NA,NA,NA
"F8_22",NA,NA,NA,NA
"F8_23",NA,NA,NA,NA
"F8_24",NA,NA,NA,NA
"F8_31",NA,NA,NA,NA
"F8_32",NA,NA,NA,NA
"F8_33",NA,NA,NA,NA
"F8_34",NA,NA,NA,NA
"F8_41",NA,NA,NA,NA
"F8_42",NA,NA,NA,NA
"F8_43",NA,NA,NA,NA
"F8_44",NA,NA,NA,NA
